week_start,sku,on_hand_units,is_stockout,estimated_lost_sales
2025-08-18,SKU-10050,334,0,0.0
2025-08-18,SKU-10034,185,0,0.0
2025-08-18,SKU-10008,135,0,0.0
2025-08-18,SKU-10032,209,0,0.0
2025-08-18,SKU-10018,78,0,0.0
2025-08-18,SKU-10004,72,0,0.0
2025-08-18,SKU-10019,60,0,0.0
2025-08-18,SKU-10025,98,0,0.0
2025-08-18,SKU-10012,254,0,0.0
2025-08-18,SKU-10053,262,0,0.0
2025-08-18,SKU-10013,202,0,0.0
2025-08-18,SKU-10059,154,0,0.0
2025-08-18,SKU-10015,60,0,0.0
2025-08-18,SKU-10039,218,0,0.0
2025-08-18,SKU-10005,258,0,0.0
2025-08-18,SKU-10020,199,0,0.0
2025-08-18,SKU-10056,180,0,0.0
2025-08-18,SKU-10001,120,0,0.0
2025-08-18,SKU-10060,140,0,0.0
2025-08-18,SKU-10043,169,0,0.0
2025-08-18,SKU-10024,224,0,0.0
2025-08-18,SKU-10040,82,0,0.0
2025-08-18,SKU-10016,175,0,0.0
2025-08-18,SKU-10007,230,0,0.0
2025-08-18,SKU-10036,134,0,0.0
2025-08-18,SKU-10023,248,0,0.0
2025-08-18,SKU-10055,108,0,0.0
2025-08-18,SKU-10046,99,0,0.0
2025-08-18,SKU-10054,159,0,0.0
2025-08-18,SKU-10048,66,0,0.0
2025-08-18,SKU-10003,157,0,0.0
2025-08-18,SKU-10021,158,0,0.0
2025-08-18,SKU-10028,253,0,0.0
2025-08-18,SKU-10057,400,0,0.0
2025-08-18,SKU-10026,53,0,0.0
2025-08-18,SKU-10017,164,0,0.0
2025-08-18,SKU-10044,242,0,0.0
2025-08-18,SKU-10047,207,0,0.0
2025-08-18,SKU-10030,124,0,0.0
2025-08-18,SKU-10049,194,0,0.0
2025-08-18,SKU-10031,203,0,0.0
2025-08-18,SKU-10041,210,0,0.0
2025-08-18,SKU-10052,148,0,0.0
2025-08-18,SKU-10010,228,0,0.0
2025-08-18,SKU-10051,228,0,0.0
2025-08-25,SKU-10043,45,0,0.0
2025-08-25,SKU-10032,103,0,0.0
2025-08-25,SKU-10019,156,0,0.0
2025-08-25,SKU-10016,220,0,0.0
2025-08-25,SKU-10023,144,0,0.0
2025-08-25,SKU-10033,54,0,0.0
2025-08-25,SKU-10011,152,0,0.0
2025-08-25,SKU-10035,64,0,0.0
2025-08-25,SKU-10001,0,1,830.16
2025-08-25,SKU-10031,136,0,0.0
2025-08-25,SKU-10045,111,0,0.0
2025-08-25,SKU-10059,203,0,0.0
2025-08-25,SKU-10003,95,0,0.0
2025-08-25,SKU-10015,200,0,0.0
2025-08-25,SKU-10044,117,0,0.0
2025-08-25,SKU-10053,134,0,0.0
2025-08-25,SKU-10055,319,0,0.0
2025-08-25,SKU-10026,104,0,0.0
2025-08-25,SKU-10024,155,0,0.0
2025-08-25,SKU-10012,239,0,0.0
2025-08-25,SKU-10040,110,0,0.0
2025-08-25,SKU-10002,341,0,0.0
2025-08-25,SKU-10010,283,0,0.0
2025-08-25,SKU-10057,49,0,0.0
2025-08-25,SKU-10018,191,0,0.0
2025-08-25,SKU-10052,146,0,0.0
2025-08-25,SKU-10005,232,0,0.0
2025-08-25,SKU-10039,189,0,0.0
2025-08-25,SKU-10042,154,0,0.0
2025-08-25,SKU-10007,223,0,0.0
2025-08-25,SKU-10058,106,0,0.0
2025-08-25,SKU-10020,166,0,0.0
2025-08-25,SKU-10021,126,0,0.0
2025-08-25,SKU-10025,0,1,2778.16
2025-08-25,SKU-10006,106,0,0.0
2025-08-25,SKU-10038,247,0,0.0
2025-08-25,SKU-10056,159,0,0.0
2025-08-25,SKU-10054,263,0,0.0
2025-08-25,SKU-10050,261,0,0.0
2025-08-25,SKU-10029,256,0,0.0
2025-08-25,SKU-10034,230,0,0.0
2025-08-25,SKU-10022,244,0,0.0
2025-08-25,SKU-10009,255,0,0.0
2025-08-25,SKU-10041,262,0,0.0
2025-08-25,SKU-10048,229,0,0.0
2025-09-01,SKU-10012,201,0,0.0
2025-09-01,SKU-10011,108,0,0.0
2025-09-01,SKU-10034,184,0,0.0
2025-09-01,SKU-10030,100,0,0.0
2025-09-01,SKU-10029,133,0,0.0
2025-09-01,SKU-10021,170,0,0.0
2025-09-01,SKU-10031,161,0,0.0
2025-09-01,SKU-10017,226,0,0.0
2025-09-01,SKU-10046,248,0,0.0
2025-09-01,SKU-10033,158,0,0.0
2025-09-01,SKU-10002,151,0,0.0
2025-09-01,SKU-10022,22,0,0.0
2025-09-01,SKU-10053,176,0,0.0
2025-09-01,SKU-10050,122,0,0.0
2025-09-01,SKU-10001,45,0,0.0
2025-09-01,SKU-10037,271,0,0.0
2025-09-01,SKU-10007,225,0,0.0
2025-09-01,SKU-10049,80,0,0.0
2025-09-01,SKU-10024,271,0,0.0
2025-09-01,SKU-10006,160,0,0.0
2025-09-01,SKU-10054,57,0,0.0
2025-09-01,SKU-10059,67,0,0.0
2025-09-01,SKU-10042,164,0,0.0
2025-09-01,SKU-10043,243,0,0.0
2025-09-01,SKU-10014,154,0,0.0
2025-09-01,SKU-10025,240,0,0.0
2025-09-01,SKU-10009,190,0,0.0
2025-09-01,SKU-10004,198,0,0.0
2025-09-01,SKU-10041,263,0,0.0
2025-09-01,SKU-10052,214,0,0.0
2025-09-01,SKU-10040,126,0,0.0
2025-09-01,SKU-10048,85,0,0.0
2025-09-01,SKU-10005,210,0,0.0
2025-09-01,SKU-10003,247,0,0.0
2025-09-01,SKU-10010,132,0,0.0
2025-09-01,SKU-10032,215,0,0.0
2025-09-01,SKU-10051,119,0,0.0
2025-09-01,SKU-10035,345,0,0.0
2025-09-01,SKU-10026,109,0,0.0
2025-09-01,SKU-10020,181,0,0.0
2025-09-01,SKU-10047,305,0,0.0
2025-09-01,SKU-10039,129,0,0.0
2025-09-01,SKU-10044,168,0,0.0
2025-09-01,SKU-10018,47,0,0.0
2025-09-01,SKU-10057,269,0,0.0
2025-09-08,SKU-10057,337,0,0.0
2025-09-08,SKU-10055,199,0,0.0
2025-09-08,SKU-10009,270,0,0.0
2025-09-08,SKU-10037,226,0,0.0
2025-09-08,SKU-10004,177,0,0.0
2025-09-08,SKU-10018,193,0,0.0
2025-09-08,SKU-10034,121,0,0.0
2025-09-08,SKU-10045,175,0,0.0
2025-09-08,SKU-10031,183,0,0.0
2025-09-08,SKU-10036,249,0,0.0
2025-09-08,SKU-10025,317,0,0.0
2025-09-08,SKU-10056,171,0,0.0
2025-09-08,SKU-10010,146,0,0.0
2025-09-08,SKU-10015,199,0,0.0
2025-09-08,SKU-10060,230,0,0.0
2025-09-08,SKU-10039,104,0,0.0
2025-09-08,SKU-10040,112,0,0.0
2025-09-08,SKU-10054,60,0,0.0
2025-09-08,SKU-10019,276,0,0.0
2025-09-08,SKU-10048,246,0,0.0
2025-09-08,SKU-10030,219,0,0.0
2025-09-08,SKU-10001,227,0,0.0
2025-09-08,SKU-10047,352,0,0.0
2025-09-08,SKU-10042,187,0,0.0
2025-09-08,SKU-10059,401,0,0.0
2025-09-08,SKU-10020,132,0,0.0
2025-09-08,SKU-10052,108,0,0.0
2025-09-08,SKU-10007,285,0,0.0
2025-09-08,SKU-10035,192,0,0.0
2025-09-08,SKU-10033,228,0,0.0
2025-09-08,SKU-10038,310,0,0.0
2025-09-08,SKU-10026,275,0,0.0
2025-09-08,SKU-10029,184,0,0.0
2025-09-08,SKU-10005,212,0,0.0
2025-09-08,SKU-10017,296,0,0.0
2025-09-08,SKU-10016,140,0,0.0
2025-09-08,SKU-10053,250,0,0.0
2025-09-08,SKU-10003,219,0,0.0
2025-09-08,SKU-10051,186,0,0.0
2025-09-08,SKU-10027,214,0,0.0
2025-09-08,SKU-10049,127,0,0.0
2025-09-08,SKU-10006,115,0,0.0
2025-09-08,SKU-10046,114,0,0.0
2025-09-08,SKU-10023,117,0,0.0
2025-09-08,SKU-10032,171,0,0.0
2025-09-15,SKU-10013,91,0,0.0
2025-09-15,SKU-10001,138,0,0.0
2025-09-15,SKU-10037,131,0,0.0
2025-09-15,SKU-10017,160,0,0.0
2025-09-15,SKU-10022,96,0,0.0
2025-09-15,SKU-10047,148,0,0.0
2025-09-15,SKU-10016,83,0,0.0
2025-09-15,SKU-10050,266,0,0.0
2025-09-15,SKU-10055,174,0,0.0
2025-09-15,SKU-10004,102,0,0.0
2025-09-15,SKU-10020,104,0,0.0
2025-09-15,SKU-10018,132,0,0.0
2025-09-15,SKU-10010,164,0,0.0
2025-09-15,SKU-10008,171,0,0.0
2025-09-15,SKU-10057,150,0,0.0
2025-09-15,SKU-10059,75,0,0.0
2025-09-15,SKU-10036,151,0,0.0
2025-09-15,SKU-10007,159,0,0.0
2025-09-15,SKU-10039,317,0,0.0
2025-09-15,SKU-10006,0,1,3932.43
2025-09-15,SKU-10002,119,0,0.0
2025-09-15,SKU-10003,120,0,0.0
2025-09-15,SKU-10021,212,0,0.0
2025-09-15,SKU-10046,285,0,0.0
2025-09-15,SKU-10026,132,0,0.0
2025-09-15,SKU-10027,277,0,0.0
2025-09-15,SKU-10011,60,0,0.0
2025-09-15,SKU-10023,96,0,0.0
2025-09-15,SKU-10015,19,0,0.0
2025-09-15,SKU-10031,137,0,0.0
2025-09-15,SKU-10049,257,0,0.0
2025-09-15,SKU-10030,49,0,0.0
2025-09-15,SKU-10043,312,0,0.0
2025-09-15,SKU-10009,0,1,365.24
2025-09-15,SKU-10005,132,0,0.0
2025-09-15,SKU-10033,129,0,0.0
2025-09-15,SKU-10053,129,0,0.0
2025-09-15,SKU-10044,157,0,0.0
2025-09-15,SKU-10042,161,0,0.0
2025-09-15,SKU-10051,172,0,0.0
2025-09-15,SKU-10012,245,0,0.0
2025-09-15,SKU-10014,173,0,0.0
2025-09-15,SKU-10052,112,0,0.0
2025-09-15,SKU-10058,209,0,0.0
2025-09-15,SKU-10034,129,0,0.0
2025-09-22,SKU-10036,285,0,0.0
2025-09-22,SKU-10003,193,0,0.0
2025-09-22,SKU-10053,0,1,3536.92
2025-09-22,SKU-10025,208,0,0.0
2025-09-22,SKU-10035,265,0,0.0
2025-09-22,SKU-10052,312,0,0.0
2025-09-22,SKU-10027,0,1,2429.08
2025-09-22,SKU-10001,61,0,0.0
2025-09-22,SKU-10041,158,0,0.0
2025-09-22,SKU-10013,234,0,0.0
2025-09-22,SKU-10002,174,0,0.0
2025-09-22,SKU-10055,229,0,0.0
2025-09-22,SKU-10058,234,0,0.0
2025-09-22,SKU-10048,239,0,0.0
2025-09-22,SKU-10054,248,0,0.0
2025-09-22,SKU-10012,224,0,0.0
2025-09-22,SKU-10017,44,0,0.0
2025-09-22,SKU-10026,198,0,0.0
2025-09-22,SKU-10028,197,0,0.0
2025-09-22,SKU-10037,167,0,0.0
2025-09-22,SKU-10011,206,0,0.0
2025-09-22,SKU-10005,102,0,0.0
2025-09-22,SKU-10049,178,0,0.0
2025-09-22,SKU-10060,199,0,0.0
2025-09-22,SKU-10044,142,0,0.0
2025-09-22,SKU-10043,290,0,0.0
2025-09-22,SKU-10056,123,0,0.0
2025-09-22,SKU-10010,187,0,0.0
2025-09-22,SKU-10014,159,0,0.0
2025-09-22,SKU-10016,136,0,0.0
2025-09-22,SKU-10034,229,0,0.0
2025-09-22,SKU-10046,263,0,0.0
2025-09-22,SKU-10024,200,0,0.0
2025-09-22,SKU-10030,86,0,0.0
2025-09-22,SKU-10031,51,0,0.0
2025-09-22,SKU-10020,175,0,0.0
2025-09-22,SKU-10021,144,0,0.0
2025-09-22,SKU-10050,205,0,0.0
2025-09-22,SKU-10057,76,0,0.0
2025-09-22,SKU-10023,248,0,0.0
2025-09-22,SKU-10045,356,0,0.0
2025-09-22,SKU-10006,290,0,0.0
2025-09-22,SKU-10051,314,0,0.0
2025-09-22,SKU-10039,275,0,0.0
2025-09-22,SKU-10038,170,0,0.0
2025-09-29,SKU-10057,249,0,0.0
2025-09-29,SKU-10028,234,0,0.0
2025-09-29,SKU-10012,229,0,0.0
2025-09-29,SKU-10003,252,0,0.0
2025-09-29,SKU-10037,182,0,0.0
2025-09-29,SKU-10040,301,0,0.0
2025-09-29,SKU-10031,181,0,0.0
2025-09-29,SKU-10009,98,0,0.0
2025-09-29,SKU-10014,175,0,0.0
2025-09-29,SKU-10030,121,0,0.0
2025-09-29,SKU-10059,13,0,0.0
2025-09-29,SKU-10025,27,0,0.0
2025-09-29,SKU-10055,104,0,0.0
2025-09-29,SKU-10045,234,0,0.0
2025-09-29,SKU-10019,159,0,0.0
2025-09-29,SKU-10005,213,0,0.0
2025-09-29,SKU-10034,262,0,0.0
2025-09-29,SKU-10051,193,0,0.0
2025-09-29,SKU-10054,205,0,0.0
2025-09-29,SKU-10020,93,0,0.0
2025-09-29,SKU-10008,107,0,0.0
2025-09-29,SKU-10046,297,0,0.0
2025-09-29,SKU-10039,77,0,0.0
2025-09-29,SKU-10032,60,0,0.0
2025-09-29,SKU-10016,214,0,0.0
2025-09-29,SKU-10013,147,0,0.0
2025-09-29,SKU-10041,216,0,0.0
2025-09-29,SKU-10010,251,0,0.0
2025-09-29,SKU-10038,152,0,0.0
2025-09-29,SKU-10036,111,0,0.0
2025-09-29,SKU-10017,183,0,0.0
2025-09-29,SKU-10007,0,1,1673.38
2025-09-29,SKU-10052,253,0,0.0
2025-09-29,SKU-10056,116,0,0.0
2025-09-29,SKU-10018,229,0,0.0
2025-09-29,SKU-10004,288,0,0.0
2025-09-29,SKU-10050,309,0,0.0
2025-09-29,SKU-10042,249,0,0.0
2025-09-29,SKU-10048,141,0,0.0
2025-09-29,SKU-10022,80,0,0.0
2025-09-29,SKU-10049,165,0,0.0
2025-09-29,SKU-10011,145,0,0.0
2025-09-29,SKU-10029,197,0,0.0
2025-09-29,SKU-10021,275,0,0.0
2025-09-29,SKU-10006,198,0,0.0
2025-10-06,SKU-10006,130,0,0.0
2025-10-06,SKU-10007,210,0,0.0
2025-10-06,SKU-10058,85,0,0.0
2025-10-06,SKU-10053,232,0,0.0
2025-10-06,SKU-10050,227,0,0.0
2025-10-06,SKU-10015,0,1,353.15
2025-10-06,SKU-10009,109,0,0.0
2025-10-06,SKU-10012,136,0,0.0
2025-10-06,SKU-10021,178,0,0.0
2025-10-06,SKU-10013,124,0,0.0
2025-10-06,SKU-10046,273,0,0.0
2025-10-06,SKU-10047,55,0,0.0
2025-10-06,SKU-10017,155,0,0.0
2025-10-06,SKU-10037,205,0,0.0
2025-10-06,SKU-10042,280,0,0.0
2025-10-06,SKU-10019,245,0,0.0
2025-10-06,SKU-10060,121,0,0.0
2025-10-06,SKU-10051,177,0,0.0
2025-10-06,SKU-10034,118,0,0.0
2025-10-06,SKU-10038,185,0,0.0
2025-10-06,SKU-10052,117,0,0.0
2025-10-06,SKU-10036,65,0,0.0
2025-10-06,SKU-10033,81,0,0.0
2025-10-06,SKU-10004,226,0,0.0
2025-10-06,SKU-10010,213,0,0.0
2025-10-06,SKU-10011,188,0,0.0
2025-10-06,SKU-10028,242,0,0.0
2025-10-06,SKU-10059,213,0,0.0
2025-10-06,SKU-10023,183,0,0.0
2025-10-06,SKU-10056,265,0,0.0
2025-10-06,SKU-10039,72,0,0.0
2025-10-06,SKU-10025,136,0,0.0
2025-10-06,SKU-10041,310,0,0.0
2025-10-06,SKU-10049,192,0,0.0
2025-10-06,SKU-10035,273,0,0.0
2025-10-06,SKU-10045,202,0,0.0
2025-10-06,SKU-10026,186,0,0.0
2025-10-06,SKU-10044,123,0,0.0
2025-10-06,SKU-10003,117,0,0.0
2025-10-06,SKU-10005,109,0,0.0
2025-10-06,SKU-10054,126,0,0.0
2025-10-06,SKU-10022,100,0,0.0
2025-10-06,SKU-10030,209,0,0.0
2025-10-06,SKU-10048,216,0,0.0
2025-10-06,SKU-10055,228,0,0.0
2025-10-13,SKU-10022,164,0,0.0
2025-10-13,SKU-10034,309,0,0.0
2025-10-13,SKU-10001,164,0,0.0
2025-10-13,SKU-10026,188,0,0.0
2025-10-13,SKU-10049,3,0,0.0
2025-10-13,SKU-10054,175,0,0.0
2025-10-13,SKU-10027,238,0,0.0
2025-10-13,SKU-10017,80,0,0.0
2025-10-13,SKU-10057,266,0,0.0
2025-10-13,SKU-10019,130,0,0.0
2025-10-13,SKU-10016,148,0,0.0
2025-10-13,SKU-10047,92,0,0.0
2025-10-13,SKU-10045,85,0,0.0
2025-10-13,SKU-10008,63,0,0.0
2025-10-13,SKU-10059,203,0,0.0
2025-10-13,SKU-10051,4,0,0.0
2025-10-13,SKU-10038,92,0,0.0
2025-10-13,SKU-10021,174,0,0.0
2025-10-13,SKU-10020,179,0,0.0
2025-10-13,SKU-10025,126,0,0.0
2025-10-13,SKU-10032,220,0,0.0
2025-10-13,SKU-10048,233,0,0.0
2025-10-13,SKU-10024,202,0,0.0
2025-10-13,SKU-10010,207,0,0.0
2025-10-13,SKU-10007,179,0,0.0
2025-10-13,SKU-10018,172,0,0.0
2025-10-13,SKU-10043,218,0,0.0
2025-10-13,SKU-10030,107,0,0.0
2025-10-13,SKU-10053,240,0,0.0
2025-10-13,SKU-10044,300,0,0.0
2025-10-13,SKU-10060,67,0,0.0
2025-10-13,SKU-10036,58,0,0.0
2025-10-13,SKU-10002,330,0,0.0
2025-10-13,SKU-10015,101,0,0.0
2025-10-13,SKU-10058,221,0,0.0
2025-10-13,SKU-10039,179,0,0.0
2025-10-13,SKU-10003,255,0,0.0
2025-10-13,SKU-10004,333,0,0.0
2025-10-13,SKU-10029,118,0,0.0
2025-10-13,SKU-10012,183,0,0.0
2025-10-13,SKU-10040,16,0,0.0
2025-10-13,SKU-10014,285,0,0.0
2025-10-13,SKU-10028,236,0,0.0
2025-10-13,SKU-10013,284,0,0.0
2025-10-13,SKU-10050,240,0,0.0
2025-10-20,SKU-10050,180,0,0.0
2025-10-20,SKU-10029,202,0,0.0
2025-10-20,SKU-10004,189,0,0.0
2025-10-20,SKU-10049,251,0,0.0
2025-10-20,SKU-10027,182,0,0.0
2025-10-20,SKU-10047,143,0,0.0
2025-10-20,SKU-10011,141,0,0.0
2025-10-20,SKU-10015,163,0,0.0
2025-10-20,SKU-10023,50,0,0.0
2025-10-20,SKU-10056,111,0,0.0
2025-10-20,SKU-10048,78,0,0.0
2025-10-20,SKU-10034,223,0,0.0
2025-10-20,SKU-10014,97,0,0.0
2025-10-20,SKU-10018,365,0,0.0
2025-10-20,SKU-10030,208,0,0.0
2025-10-20,SKU-10021,293,0,0.0
2025-10-20,SKU-10058,94,0,0.0
2025-10-20,SKU-10039,212,0,0.0
2025-10-20,SKU-10037,113,0,0.0
2025-10-20,SKU-10007,252,0,0.0
2025-10-20,SKU-10012,159,0,0.0
2025-10-20,SKU-10017,27,0,0.0
2025-10-20,SKU-10019,210,0,0.0
2025-10-20,SKU-10026,104,0,0.0
2025-10-20,SKU-10002,272,0,0.0
2025-10-20,SKU-10013,88,0,0.0
2025-10-20,SKU-10044,238,0,0.0
2025-10-20,SKU-10009,0,1,4073.48
2025-10-20,SKU-10046,188,0,0.0
2025-10-20,SKU-10041,28,0,0.0
2025-10-20,SKU-10003,80,0,0.0
2025-10-20,SKU-10060,237,0,0.0
2025-10-20,SKU-10052,240,0,0.0
2025-10-20,SKU-10036,202,0,0.0
2025-10-20,SKU-10006,158,0,0.0
2025-10-20,SKU-10024,93,0,0.0
2025-10-20,SKU-10022,148,0,0.0
2025-10-20,SKU-10005,178,0,0.0
2025-10-20,SKU-10043,1,0,0.0
2025-10-20,SKU-10042,179,0,0.0
2025-10-20,SKU-10025,119,0,0.0
2025-10-20,SKU-10031,94,0,0.0
2025-10-20,SKU-10059,139,0,0.0
2025-10-20,SKU-10051,164,0,0.0
2025-10-20,SKU-10054,347,0,0.0
2025-10-27,SKU-10010,136,0,0.0
2025-10-27,SKU-10029,232,0,0.0
2025-10-27,SKU-10015,159,0,0.0
2025-10-27,SKU-10060,169,0,0.0
2025-10-27,SKU-10046,204,0,0.0
2025-10-27,SKU-10042,90,0,0.0
2025-10-27,SKU-10024,137,0,0.0
2025-10-27,SKU-10001,273,0,0.0
2025-10-27,SKU-10056,0,1,1739.12
2025-10-27,SKU-10041,78,0,0.0
2025-10-27,SKU-10043,173,0,0.0
2025-10-27,SKU-10045,237,0,0.0
2025-10-27,SKU-10017,228,0,0.0
2025-10-27,SKU-10025,39,0,0.0
2025-10-27,SKU-10030,159,0,0.0
2025-10-27,SKU-10058,268,0,0.0
2025-10-27,SKU-10020,189,0,0.0
2025-10-27,SKU-10048,84,0,0.0
2025-10-27,SKU-10051,177,0,0.0
2025-10-27,SKU-10050,109,0,0.0
2025-10-27,SKU-10039,84,0,0.0
2025-10-27,SKU-10027,127,0,0.0
2025-10-27,SKU-10021,124,0,0.0
2025-10-27,SKU-10005,155,0,0.0
2025-10-27,SKU-10047,223,0,0.0
2025-10-27,SKU-10055,76,0,0.0
2025-10-27,SKU-10028,28,0,0.0
2025-10-27,SKU-10038,259,0,0.0
2025-10-27,SKU-10009,308,0,0.0
2025-10-27,SKU-10011,221,0,0.0
2025-10-27,SKU-10002,197,0,0.0
2025-10-27,SKU-10053,167,0,0.0
2025-10-27,SKU-10007,1,0,0.0
2025-10-27,SKU-10013,204,0,0.0
2025-10-27,SKU-10052,49,0,0.0
2025-10-27,SKU-10033,51,0,0.0
2025-10-27,SKU-10040,0,1,2840.65
2025-10-27,SKU-10012,131,0,0.0
2025-10-27,SKU-10059,86,0,0.0
2025-10-27,SKU-10018,28,0,0.0
2025-10-27,SKU-10014,40,0,0.0
2025-10-27,SKU-10037,255,0,0.0
2025-10-27,SKU-10031,196,0,0.0
2025-10-27,SKU-10057,170,0,0.0
2025-10-27,SKU-10032,30,0,0.0
2025-11-03,SKU-10011,180,0,0.0
2025-11-03,SKU-10003,61,0,0.0
2025-11-03,SKU-10009,36,0,0.0
2025-11-03,SKU-10060,227,0,0.0
2025-11-03,SKU-10056,83,0,0.0
2025-11-03,SKU-10030,173,0,0.0
2025-11-03,SKU-10029,138,0,0.0
2025-11-03,SKU-10048,28,0,0.0
2025-11-03,SKU-10032,268,0,0.0
2025-11-03,SKU-10035,198,0,0.0
2025-11-03,SKU-10025,189,0,0.0
2025-11-03,SKU-10055,95,0,0.0
2025-11-03,SKU-10054,277,0,0.0
2025-11-03,SKU-10041,224,0,0.0
2025-11-03,SKU-10028,221,0,0.0
2025-11-03,SKU-10007,270,0,0.0
2025-11-03,SKU-10049,60,0,0.0
2025-11-03,SKU-10057,132,0,0.0
2025-11-03,SKU-10002,265,0,0.0
2025-11-03,SKU-10001,166,0,0.0
2025-11-03,SKU-10059,157,0,0.0
2025-11-03,SKU-10045,106,0,0.0
2025-11-03,SKU-10031,286,0,0.0
2025-11-03,SKU-10013,121,0,0.0
2025-11-03,SKU-10012,113,0,0.0
2025-11-03,SKU-10016,156,0,0.0
2025-11-03,SKU-10058,77,0,0.0
2025-11-03,SKU-10038,202,0,0.0
2025-11-03,SKU-10050,95,0,0.0
2025-11-03,SKU-10027,267,0,0.0
2025-11-03,SKU-10019,216,0,0.0
2025-11-03,SKU-10024,173,0,0.0
2025-11-03,SKU-10037,68,0,0.0
2025-11-03,SKU-10006,242,0,0.0
2025-11-03,SKU-10036,122,0,0.0
2025-11-03,SKU-10026,211,0,0.0
2025-11-03,SKU-10051,119,0,0.0
2025-11-03,SKU-10053,232,0,0.0
2025-11-03,SKU-10017,62,0,0.0
2025-11-03,SKU-10042,202,0,0.0
2025-11-03,SKU-10034,250,0,0.0
2025-11-03,SKU-10047,262,0,0.0
2025-11-03,SKU-10022,209,0,0.0
2025-11-03,SKU-10020,220,0,0.0
2025-11-03,SKU-10040,121,0,0.0
2025-11-10,SKU-10059,217,0,0.0
2025-11-10,SKU-10054,142,0,0.0
2025-11-10,SKU-10048,315,0,0.0
2025-11-10,SKU-10008,207,0,0.0
2025-11-10,SKU-10031,110,0,0.0
2025-11-10,SKU-10037,302,0,0.0
2025-11-10,SKU-10060,197,0,0.0
2025-11-10,SKU-10005,155,0,0.0
2025-11-10,SKU-10051,286,0,0.0
2025-11-10,SKU-10019,169,0,0.0
2025-11-10,SKU-10039,138,0,0.0
2025-11-10,SKU-10004,244,0,0.0
2025-11-10,SKU-10044,156,0,0.0
2025-11-10,SKU-10032,154,0,0.0
2025-11-10,SKU-10040,52,0,0.0
2025-11-10,SKU-10055,86,0,0.0
2025-11-10,SKU-10025,155,0,0.0
2025-11-10,SKU-10012,254,0,0.0
2025-11-10,SKU-10046,219,0,0.0
2025-11-10,SKU-10010,204,0,0.0
2025-11-10,SKU-10024,117,0,0.0
2025-11-10,SKU-10020,273,0,0.0
2025-11-10,SKU-10056,139,0,0.0
2025-11-10,SKU-10028,108,0,0.0
2025-11-10,SKU-10047,125,0,0.0
2025-11-10,SKU-10043,175,0,0.0
2025-11-10,SKU-10003,120,0,0.0
2025-11-10,SKU-10013,181,0,0.0
2025-11-10,SKU-10022,201,0,0.0
2025-11-10,SKU-10038,53,0,0.0
2025-11-10,SKU-10036,74,0,0.0
2025-11-10,SKU-10009,160,0,0.0
2025-11-10,SKU-10041,129,0,0.0
2025-11-10,SKU-10034,156,0,0.0
2025-11-10,SKU-10057,157,0,0.0
2025-11-10,SKU-10026,42,0,0.0
2025-11-10,SKU-10052,72,0,0.0
2025-11-10,SKU-10018,0,1,1968.87
2025-11-10,SKU-10001,111,0,0.0
2025-11-10,SKU-10045,85,0,0.0
2025-11-10,SKU-10035,125,0,0.0
2025-11-10,SKU-10029,98,0,0.0
2025-11-10,SKU-10021,281,0,0.0
2025-11-10,SKU-10053,269,0,0.0
2025-11-10,SKU-10049,244,0,0.0
2025-11-17,SKU-10019,120,0,0.0
2025-11-17,SKU-10035,222,0,0.0
2025-11-17,SKU-10026,35,0,0.0
2025-11-17,SKU-10010,288,0,0.0
2025-11-17,SKU-10020,122,0,0.0
2025-11-17,SKU-10022,137,0,0.0
2025-11-17,SKU-10039,289,0,0.0
2025-11-17,SKU-10005,130,0,0.0
2025-11-17,SKU-10009,163,0,0.0
2025-11-17,SKU-10008,170,0,0.0
2025-11-17,SKU-10045,243,0,0.0
2025-11-17,SKU-10007,228,0,0.0
2025-11-17,SKU-10047,46,0,0.0
2025-11-17,SKU-10041,99,0,0.0
2025-11-17,SKU-10031,106,0,0.0
2025-11-17,SKU-10042,143,0,0.0
2025-11-17,SKU-10002,169,0,0.0
2025-11-17,SKU-10060,111,0,0.0
2025-11-17,SKU-10046,235,0,0.0
2025-11-17,SKU-10021,261,0,0.0
2025-11-17,SKU-10055,292,0,0.0
2025-11-17,SKU-10004,218,0,0.0
2025-11-17,SKU-10011,114,0,0.0
2025-11-17,SKU-10015,120,0,0.0
2025-11-17,SKU-10018,205,0,0.0
2025-11-17,SKU-10028,119,0,0.0
2025-11-17,SKU-10040,203,0,0.0
2025-11-17,SKU-10059,227,0,0.0
2025-11-17,SKU-10052,78,0,0.0
2025-11-17,SKU-10036,201,0,0.0
2025-11-17,SKU-10016,122,0,0.0
2025-11-17,SKU-10053,205,0,0.0
2025-11-17,SKU-10057,201,0,0.0
2025-11-17,SKU-10037,221,0,0.0
2025-11-17,SKU-10051,103,0,0.0
2025-11-17,SKU-10048,126,0,0.0
2025-11-17,SKU-10054,102,0,0.0
2025-11-17,SKU-10050,276,0,0.0
2025-11-17,SKU-10003,141,0,0.0
2025-11-17,SKU-10017,211,0,0.0
2025-11-17,SKU-10025,132,0,0.0
2025-11-17,SKU-10013,214,0,0.0
2025-11-17,SKU-10029,324,0,0.0
2025-11-17,SKU-10014,79,0,0.0
2025-11-17,SKU-10034,89,0,0.0
2025-11-24,SKU-10026,167,0,0.0
2025-11-24,SKU-10052,207,0,0.0
2025-11-24,SKU-10027,392,0,0.0
2025-11-24,SKU-10053,29,0,0.0
2025-11-24,SKU-10034,192,0,0.0
2025-11-24,SKU-10001,213,0,0.0
2025-11-24,SKU-10039,57,0,0.0
2025-11-24,SKU-10048,190,0,0.0
2025-11-24,SKU-10046,212,0,0.0
2025-11-24,SKU-10029,103,0,0.0
2025-11-24,SKU-10038,331,0,0.0
2025-11-24,SKU-10021,276,0,0.0
2025-11-24,SKU-10028,98,0,0.0
2025-11-24,SKU-10022,185,0,0.0
2025-11-24,SKU-10035,238,0,0.0
2025-11-24,SKU-10047,86,0,0.0
2025-11-24,SKU-10044,253,0,0.0
2025-11-24,SKU-10024,101,0,0.0
2025-11-24,SKU-10025,156,0,0.0
2025-11-24,SKU-10007,104,0,0.0
2025-11-24,SKU-10045,261,0,0.0
2025-11-24,SKU-10011,116,0,0.0
2025-11-24,SKU-10056,267,0,0.0
2025-11-24,SKU-10055,150,0,0.0
2025-11-24,SKU-10012,142,0,0.0
2025-11-24,SKU-10023,137,0,0.0
2025-11-24,SKU-10030,143,0,0.0
2025-11-24,SKU-10054,272,0,0.0
2025-11-24,SKU-10018,208,0,0.0
2025-11-24,SKU-10036,175,0,0.0
2025-11-24,SKU-10050,186,0,0.0
2025-11-24,SKU-10004,0,1,3869.74
2025-11-24,SKU-10058,225,0,0.0
2025-11-24,SKU-10019,184,0,0.0
2025-11-24,SKU-10010,167,0,0.0
2025-11-24,SKU-10020,193,0,0.0
2025-11-24,SKU-10040,106,0,0.0
2025-11-24,SKU-10008,199,0,0.0
2025-11-24,SKU-10051,95,0,0.0
2025-11-24,SKU-10014,166,0,0.0
2025-11-24,SKU-10005,120,0,0.0
2025-11-24,SKU-10032,176,0,0.0
2025-11-24,SKU-10049,85,0,0.0
2025-11-24,SKU-10057,228,0,0.0
2025-11-24,SKU-10041,105,0,0.0
2025-12-01,SKU-10015,145,0,0.0
2025-12-01,SKU-10051,100,0,0.0
2025-12-01,SKU-10037,180,0,0.0
2025-12-01,SKU-10055,189,0,0.0
2025-12-01,SKU-10031,114,0,0.0
2025-12-01,SKU-10008,153,0,0.0
2025-12-01,SKU-10039,72,0,0.0
2025-12-01,SKU-10028,124,0,0.0
2025-12-01,SKU-10024,201,0,0.0
2025-12-01,SKU-10047,208,0,0.0
2025-12-01,SKU-10001,141,0,0.0
2025-12-01,SKU-10022,231,0,0.0
2025-12-01,SKU-10021,351,0,0.0
2025-12-01,SKU-10046,287,0,0.0
2025-12-01,SKU-10004,147,0,0.0
2025-12-01,SKU-10035,135,0,0.0
2025-12-01,SKU-10060,200,0,0.0
2025-12-01,SKU-10012,198,0,0.0
2025-12-01,SKU-10052,56,0,0.0
2025-12-01,SKU-10017,123,0,0.0
2025-12-01,SKU-10045,194,0,0.0
2025-12-01,SKU-10011,278,0,0.0
2025-12-01,SKU-10018,34,0,0.0
2025-12-01,SKU-10002,285,0,0.0
2025-12-01,SKU-10029,122,0,0.0
2025-12-01,SKU-10010,136,0,0.0
2025-12-01,SKU-10014,237,0,0.0
2025-12-01,SKU-10057,0,1,652.44
2025-12-01,SKU-10019,60,0,0.0
2025-12-01,SKU-10033,264,0,0.0
2025-12-01,SKU-10040,97,0,0.0
2025-12-01,SKU-10058,23,0,0.0
2025-12-01,SKU-10038,186,0,0.0
2025-12-01,SKU-10023,164,0,0.0
2025-12-01,SKU-10043,99,0,0.0
2025-12-01,SKU-10059,156,0,0.0
2025-12-01,SKU-10034,15,0,0.0
2025-12-01,SKU-10032,369,0,0.0
2025-12-01,SKU-10044,340,0,0.0
2025-12-01,SKU-10036,199,0,0.0
2025-12-01,SKU-10042,112,0,0.0
2025-12-01,SKU-10005,108,0,0.0
2025-12-01,SKU-10027,127,0,0.0
2025-12-01,SKU-10053,149,0,0.0
2025-12-01,SKU-10013,206,0,0.0
2025-12-08,SKU-10015,204,0,0.0
2025-12-08,SKU-10044,212,0,0.0
2025-12-08,SKU-10046,309,0,0.0
2025-12-08,SKU-10051,258,0,0.0
2025-12-08,SKU-10056,129,0,0.0
2025-12-08,SKU-10025,265,0,0.0
2025-12-08,SKU-10007,98,0,0.0
2025-12-08,SKU-10054,135,0,0.0
2025-12-08,SKU-10010,80,0,0.0
2025-12-08,SKU-10014,241,0,0.0
2025-12-08,SKU-10022,305,0,0.0
2025-12-08,SKU-10004,69,0,0.0
2025-12-08,SKU-10038,35,0,0.0
2025-12-08,SKU-10033,116,0,0.0
2025-12-08,SKU-10032,194,0,0.0
2025-12-08,SKU-10047,267,0,0.0
2025-12-08,SKU-10017,283,0,0.0
2025-12-08,SKU-10039,104,0,0.0
2025-12-08,SKU-10009,336,0,0.0
2025-12-08,SKU-10024,134,0,0.0
2025-12-08,SKU-10058,455,0,0.0
2025-12-08,SKU-10059,148,0,0.0
2025-12-08,SKU-10018,218,0,0.0
2025-12-08,SKU-10031,74,0,0.0
2025-12-08,SKU-10023,94,0,0.0
2025-12-08,SKU-10027,158,0,0.0
2025-12-08,SKU-10060,70,0,0.0
2025-12-08,SKU-10049,172,0,0.0
2025-12-08,SKU-10001,133,0,0.0
2025-12-08,SKU-10042,56,0,0.0
2025-12-08,SKU-10026,81,0,0.0
2025-12-08,SKU-10008,208,0,0.0
2025-12-08,SKU-10002,238,0,0.0
2025-12-08,SKU-10012,265,0,0.0
2025-12-08,SKU-10043,247,0,0.0
2025-12-08,SKU-10019,201,0,0.0
2025-12-08,SKU-10011,184,0,0.0
2025-12-08,SKU-10037,216,0,0.0
2025-12-08,SKU-10045,210,0,0.0
2025-12-08,SKU-10029,221,0,0.0
2025-12-08,SKU-10006,116,0,0.0
2025-12-08,SKU-10028,288,0,0.0
2025-12-08,SKU-10016,283,0,0.0
2025-12-08,SKU-10034,172,0,0.0
2025-12-08,SKU-10052,85,0,0.0
2025-12-15,SKU-10020,102,0,0.0
2025-12-15,SKU-10035,62,0,0.0
2025-12-15,SKU-10002,157,0,0.0
2025-12-15,SKU-10006,184,0,0.0
2025-12-15,SKU-10039,197,0,0.0
2025-12-15,SKU-10037,186,0,0.0
2025-12-15,SKU-10052,325,0,0.0
2025-12-15,SKU-10018,48,0,0.0
2025-12-15,SKU-10021,21,0,0.0
2025-12-15,SKU-10045,84,0,0.0
2025-12-15,SKU-10032,241,0,0.0
2025-12-15,SKU-10054,202,0,0.0
2025-12-15,SKU-10043,220,0,0.0
2025-12-15,SKU-10011,163,0,0.0
2025-12-15,SKU-10038,253,0,0.0
2025-12-15,SKU-10046,214,0,0.0
2025-12-15,SKU-10014,111,0,0.0
2025-12-15,SKU-10056,394,0,0.0
2025-12-15,SKU-10016,251,0,0.0
2025-12-15,SKU-10030,0,1,376.05
2025-12-15,SKU-10025,271,0,0.0
2025-12-15,SKU-10019,136,0,0.0
2025-12-15,SKU-10023,28,0,0.0
2025-12-15,SKU-10049,280,0,0.0
2025-12-15,SKU-10034,98,0,0.0
2025-12-15,SKU-10031,47,0,0.0
2025-12-15,SKU-10005,150,0,0.0
2025-12-15,SKU-10026,106,0,0.0
2025-12-15,SKU-10048,124,0,0.0
2025-12-15,SKU-10024,291,0,0.0
2025-12-15,SKU-10033,213,0,0.0
2025-12-15,SKU-10041,274,0,0.0
2025-12-15,SKU-10004,195,0,0.0
2025-12-15,SKU-10042,189,0,0.0
2025-12-15,SKU-10013,170,0,0.0
2025-12-15,SKU-10051,64,0,0.0
2025-12-15,SKU-10047,138,0,0.0
2025-12-15,SKU-10007,179,0,0.0
2025-12-15,SKU-10040,157,0,0.0
2025-12-15,SKU-10053,77,0,0.0
2025-12-15,SKU-10058,6,0,0.0
2025-12-15,SKU-10008,102,0,0.0
2025-12-15,SKU-10012,187,0,0.0
2025-12-15,SKU-10010,141,0,0.0
2025-12-15,SKU-10055,19,0,0.0
2025-12-22,SKU-10054,119,0,0.0
2025-12-22,SKU-10028,20,0,0.0
2025-12-22,SKU-10012,101,0,0.0
2025-12-22,SKU-10050,42,0,0.0
2025-12-22,SKU-10016,64,0,0.0
2025-12-22,SKU-10005,125,0,0.0
2025-12-22,SKU-10004,56,0,0.0
2025-12-22,SKU-10006,208,0,0.0
2025-12-22,SKU-10013,60,0,0.0
2025-12-22,SKU-10058,157,0,0.0
2025-12-22,SKU-10043,319,0,0.0
2025-12-22,SKU-10003,83,0,0.0
2025-12-22,SKU-10023,231,0,0.0
2025-12-22,SKU-10035,133,0,0.0
2025-12-22,SKU-10031,48,0,0.0
2025-12-22,SKU-10014,322,0,0.0
2025-12-22,SKU-10057,273,0,0.0
2025-12-22,SKU-10020,118,0,0.0
2025-12-22,SKU-10021,78,0,0.0
2025-12-22,SKU-10052,135,0,0.0
2025-12-22,SKU-10017,220,0,0.0
2025-12-22,SKU-10047,233,0,0.0
2025-12-22,SKU-10059,225,0,0.0
2025-12-22,SKU-10007,90,0,0.0
2025-12-22,SKU-10053,208,0,0.0
2025-12-22,SKU-10034,107,0,0.0
2025-12-22,SKU-10025,99,0,0.0
2025-12-22,SKU-10033,235,0,0.0
2025-12-22,SKU-10029,273,0,0.0
2025-12-22,SKU-10036,170,0,0.0
2025-12-22,SKU-10042,239,0,0.0
2025-12-22,SKU-10026,341,0,0.0
2025-12-22,SKU-10055,278,0,0.0
2025-12-22,SKU-10041,209,0,0.0
2025-12-22,SKU-10001,177,0,0.0
2025-12-22,SKU-10009,279,0,0.0
2025-12-22,SKU-10019,122,0,0.0
2025-12-22,SKU-10060,177,0,0.0
2025-12-22,SKU-10051,130,0,0.0
2025-12-22,SKU-10049,144,0,0.0
2025-12-22,SKU-10022,0,1,2443.08
2025-12-22,SKU-10048,46,0,0.0
2025-12-22,SKU-10002,193,0,0.0
2025-12-22,SKU-10045,198,0,0.0
2025-12-22,SKU-10038,179,0,0.0
2025-12-29,SKU-10002,138,0,0.0
2025-12-29,SKU-10025,116,0,0.0
2025-12-29,SKU-10051,96,0,0.0
2025-12-29,SKU-10060,112,0,0.0
2025-12-29,SKU-10053,157,0,0.0
2025-12-29,SKU-10043,99,0,0.0
2025-12-29,SKU-10052,182,0,0.0
2025-12-29,SKU-10036,154,0,0.0
2025-12-29,SKU-10054,15,0,0.0
2025-12-29,SKU-10022,107,0,0.0
2025-12-29,SKU-10018,0,1,3703.5
2025-12-29,SKU-10020,125,0,0.0
2025-12-29,SKU-10023,167,0,0.0
2025-12-29,SKU-10045,122,0,0.0
2025-12-29,SKU-10021,180,0,0.0
2025-12-29,SKU-10029,250,0,0.0
2025-12-29,SKU-10027,50,0,0.0
2025-12-29,SKU-10040,178,0,0.0
2025-12-29,SKU-10012,171,0,0.0
2025-12-29,SKU-10007,196,0,0.0
2025-12-29,SKU-10001,107,0,0.0
2025-12-29,SKU-10035,67,0,0.0
2025-12-29,SKU-10037,227,0,0.0
2025-12-29,SKU-10008,159,0,0.0
2025-12-29,SKU-10039,123,0,0.0
2025-12-29,SKU-10057,122,0,0.0
2025-12-29,SKU-10003,209,0,0.0
2025-12-29,SKU-10046,96,0,0.0
2025-12-29,SKU-10033,164,0,0.0
2025-12-29,SKU-10056,176,0,0.0
2025-12-29,SKU-10058,348,0,0.0
2025-12-29,SKU-10034,226,0,0.0
2025-12-29,SKU-10031,219,0,0.0
2025-12-29,SKU-10011,164,0,0.0
2025-12-29,SKU-10032,224,0,0.0
2025-12-29,SKU-10030,236,0,0.0
2025-12-29,SKU-10048,152,0,0.0
2025-12-29,SKU-10050,132,0,0.0
2025-12-29,SKU-10010,260,0,0.0
2025-12-29,SKU-10055,96,0,0.0
2025-12-29,SKU-10026,146,0,0.0
2025-12-29,SKU-10014,39,0,0.0
2025-12-29,SKU-10006,213,0,0.0
2025-12-29,SKU-10028,167,0,0.0
2025-12-29,SKU-10009,237,0,0.0
2026-01-05,SKU-10020,25,0,0.0
2026-01-05,SKU-10031,222,0,0.0
2026-01-05,SKU-10018,190,0,0.0
2026-01-05,SKU-10029,156,0,0.0
2026-01-05,SKU-10038,85,0,0.0
2026-01-05,SKU-10052,165,0,0.0
2026-01-05,SKU-10032,162,0,0.0
2026-01-05,SKU-10050,178,0,0.0
2026-01-05,SKU-10058,224,0,0.0
2026-01-05,SKU-10047,220,0,0.0
2026-01-05,SKU-10036,82,0,0.0
2026-01-05,SKU-10022,212,0,0.0
2026-01-05,SKU-10044,245,0,0.0
2026-01-05,SKU-10006,74,0,0.0
2026-01-05,SKU-10057,196,0,0.0
2026-01-05,SKU-10019,139,0,0.0
2026-01-05,SKU-10016,112,0,0.0
2026-01-05,SKU-10024,167,0,0.0
2026-01-05,SKU-10011,158,0,0.0
2026-01-05,SKU-10033,219,0,0.0
2026-01-05,SKU-10015,224,0,0.0
2026-01-05,SKU-10008,129,0,0.0
2026-01-05,SKU-10003,79,0,0.0
2026-01-05,SKU-10028,134,0,0.0
2026-01-05,SKU-10030,103,0,0.0
2026-01-05,SKU-10023,310,0,0.0
2026-01-05,SKU-10045,68,0,0.0
2026-01-05,SKU-10046,92,0,0.0
2026-01-05,SKU-10042,140,0,0.0
2026-01-05,SKU-10017,143,0,0.0
2026-01-05,SKU-10001,182,0,0.0
2026-01-05,SKU-10037,67,0,0.0
2026-01-05,SKU-10049,213,0,0.0
2026-01-05,SKU-10027,171,0,0.0
2026-01-05,SKU-10039,17,0,0.0
2026-01-05,SKU-10056,240,0,0.0
2026-01-05,SKU-10013,157,0,0.0
2026-01-05,SKU-10012,179,0,0.0
2026-01-05,SKU-10025,187,0,0.0
2026-01-05,SKU-10026,166,0,0.0
2026-01-05,SKU-10048,216,0,0.0
2026-01-05,SKU-10004,156,0,0.0
2026-01-05,SKU-10002,220,0,0.0
2026-01-05,SKU-10055,220,0,0.0
2026-01-05,SKU-10040,137,0,0.0
2026-01-12,SKU-10008,277,0,0.0
2026-01-12,SKU-10027,212,0,0.0
2026-01-12,SKU-10018,248,0,0.0
2026-01-12,SKU-10044,111,0,0.0
2026-01-12,SKU-10002,109,0,0.0
2026-01-12,SKU-10051,7,0,0.0
2026-01-12,SKU-10025,150,0,0.0
2026-01-12,SKU-10036,208,0,0.0
2026-01-12,SKU-10033,57,0,0.0
2026-01-12,SKU-10031,168,0,0.0
2026-01-12,SKU-10015,204,0,0.0
2026-01-12,SKU-10019,175,0,0.0
2026-01-12,SKU-10040,122,0,0.0
2026-01-12,SKU-10029,124,0,0.0
2026-01-12,SKU-10026,169,0,0.0
2026-01-12,SKU-10045,217,0,0.0
2026-01-12,SKU-10024,191,0,0.0
2026-01-12,SKU-10030,270,0,0.0
2026-01-12,SKU-10059,216,0,0.0
2026-01-12,SKU-10001,90,0,0.0
2026-01-12,SKU-10052,91,0,0.0
2026-01-12,SKU-10053,127,0,0.0
2026-01-12,SKU-10041,133,0,0.0
2026-01-12,SKU-10014,186,0,0.0
2026-01-12,SKU-10035,54,0,0.0
2026-01-12,SKU-10028,84,0,0.0
2026-01-12,SKU-10047,193,0,0.0
2026-01-12,SKU-10039,153,0,0.0
2026-01-12,SKU-10009,304,0,0.0
2026-01-12,SKU-10055,232,0,0.0
2026-01-12,SKU-10060,113,0,0.0
2026-01-12,SKU-10037,124,0,0.0
2026-01-12,SKU-10007,116,0,0.0
2026-01-12,SKU-10005,301,0,0.0
2026-01-12,SKU-10056,197,0,0.0
2026-01-12,SKU-10006,268,0,0.0
2026-01-12,SKU-10016,203,0,0.0
2026-01-12,SKU-10048,233,0,0.0
2026-01-12,SKU-10013,119,0,0.0
2026-01-12,SKU-10057,147,0,0.0
2026-01-12,SKU-10020,186,0,0.0
2026-01-12,SKU-10058,59,0,0.0
2026-01-12,SKU-10021,233,0,0.0
2026-01-12,SKU-10042,202,0,0.0
2026-01-12,SKU-10017,244,0,0.0
2026-01-19,SKU-10046,275,0,0.0
2026-01-19,SKU-10034,170,0,0.0
2026-01-19,SKU-10043,263,0,0.0
2026-01-19,SKU-10050,190,0,0.0
2026-01-19,SKU-10033,132,0,0.0
2026-01-19,SKU-10006,149,0,0.0
2026-01-19,SKU-10013,267,0,0.0
2026-01-19,SKU-10015,19,0,0.0
2026-01-19,SKU-10005,153,0,0.0
2026-01-19,SKU-10010,114,0,0.0
2026-01-19,SKU-10027,213,0,0.0
2026-01-19,SKU-10004,280,0,0.0
2026-01-19,SKU-10008,258,0,0.0
2026-01-19,SKU-10020,192,0,0.0
2026-01-19,SKU-10051,192,0,0.0
2026-01-19,SKU-10040,70,0,0.0
2026-01-19,SKU-10024,204,0,0.0
2026-01-19,SKU-10048,66,0,0.0
2026-01-19,SKU-10025,265,0,0.0
2026-01-19,SKU-10012,174,0,0.0
2026-01-19,SKU-10039,43,0,0.0
2026-01-19,SKU-10031,152,0,0.0
2026-01-19,SKU-10044,93,0,0.0
2026-01-19,SKU-10002,71,0,0.0
2026-01-19,SKU-10018,139,0,0.0
2026-01-19,SKU-10030,181,0,0.0
2026-01-19,SKU-10023,275,0,0.0
2026-01-19,SKU-10009,343,0,0.0
2026-01-19,SKU-10054,41,0,0.0
2026-01-19,SKU-10017,246,0,0.0
2026-01-19,SKU-10016,65,0,0.0
2026-01-19,SKU-10056,143,0,0.0
2026-01-19,SKU-10037,73,0,0.0
2026-01-19,SKU-10028,156,0,0.0
2026-01-19,SKU-10021,160,0,0.0
2026-01-19,SKU-10022,133,0,0.0
2026-01-19,SKU-10057,250,0,0.0
2026-01-19,SKU-10014,134,0,0.0
2026-01-19,SKU-10060,149,0,0.0
2026-01-19,SKU-10041,233,0,0.0
2026-01-19,SKU-10026,118,0,0.0
2026-01-19,SKU-10032,183,0,0.0
2026-01-19,SKU-10049,227,0,0.0
2026-01-19,SKU-10053,176,0,0.0
2026-01-19,SKU-10007,128,0,0.0
2026-01-26,SKU-10035,80,0,0.0
2026-01-26,SKU-10004,174,0,0.0
2026-01-26,SKU-10043,18,0,0.0
2026-01-26,SKU-10044,76,0,0.0
2026-01-26,SKU-10013,165,0,0.0
2026-01-26,SKU-10024,268,0,0.0
2026-01-26,SKU-10023,254,0,0.0
2026-01-26,SKU-10010,188,0,0.0
2026-01-26,SKU-10022,97,0,0.0
2026-01-26,SKU-10017,68,0,0.0
2026-01-26,SKU-10029,125,0,0.0
2026-01-26,SKU-10006,135,0,0.0
2026-01-26,SKU-10028,257,0,0.0
2026-01-26,SKU-10056,117,0,0.0
2026-01-26,SKU-10058,133,0,0.0
2026-01-26,SKU-10055,127,0,0.0
2026-01-26,SKU-10048,161,0,0.0
2026-01-26,SKU-10002,230,0,0.0
2026-01-26,SKU-10060,229,0,0.0
2026-01-26,SKU-10011,174,0,0.0
2026-01-26,SKU-10037,140,0,0.0
2026-01-26,SKU-10007,203,0,0.0
2026-01-26,SKU-10018,187,0,0.0
2026-01-26,SKU-10032,183,0,0.0
2026-01-26,SKU-10036,110,0,0.0
2026-01-26,SKU-10027,227,0,0.0
2026-01-26,SKU-10015,261,0,0.0
2026-01-26,SKU-10025,146,0,0.0
2026-01-26,SKU-10046,262,0,0.0
2026-01-26,SKU-10039,195,0,0.0
2026-01-26,SKU-10019,89,0,0.0
2026-01-26,SKU-10041,144,0,0.0
2026-01-26,SKU-10003,143,0,0.0
2026-01-26,SKU-10012,284,0,0.0
2026-01-26,SKU-10020,291,0,0.0
2026-01-26,SKU-10005,281,0,0.0
2026-01-26,SKU-10053,202,0,0.0
2026-01-26,SKU-10057,210,0,0.0
2026-01-26,SKU-10031,74,0,0.0
2026-01-26,SKU-10008,128,0,0.0
2026-01-26,SKU-10033,182,0,0.0
2026-01-26,SKU-10059,213,0,0.0
2026-01-26,SKU-10047,316,0,0.0
2026-01-26,SKU-10052,109,0,0.0
2026-01-26,SKU-10009,348,0,0.0
2026-02-02,SKU-10026,142,0,0.0
2026-02-02,SKU-10003,20,0,0.0
2026-02-02,SKU-10024,245,0,0.0
2026-02-02,SKU-10047,175,0,0.0
2026-02-02,SKU-10040,253,0,0.0
2026-02-02,SKU-10009,57,0,0.0
2026-02-02,SKU-10008,158,0,0.0
2026-02-02,SKU-10033,74,0,0.0
2026-02-02,SKU-10027,103,0,0.0
2026-02-02,SKU-10030,253,0,0.0
2026-02-02,SKU-10037,230,0,0.0
2026-02-02,SKU-10044,128,0,0.0
2026-02-02,SKU-10053,148,0,0.0
2026-02-02,SKU-10023,175,0,0.0
2026-02-02,SKU-10001,83,0,0.0
2026-02-02,SKU-10041,158,0,0.0
2026-02-02,SKU-10007,67,0,0.0
2026-02-02,SKU-10042,162,0,0.0
2026-02-02,SKU-10058,140,0,0.0
2026-02-02,SKU-10054,186,0,0.0
2026-02-02,SKU-10004,160,0,0.0
2026-02-02,SKU-10032,0,1,858.67
2026-02-02,SKU-10006,129,0,0.0
2026-02-02,SKU-10059,291,0,0.0
2026-02-02,SKU-10034,177,0,0.0
2026-02-02,SKU-10022,239,0,0.0
2026-02-02,SKU-10038,153,0,0.0
2026-02-02,SKU-10017,154,0,0.0
2026-02-02,SKU-10012,288,0,0.0
2026-02-02,SKU-10060,214,0,0.0
2026-02-02,SKU-10018,16,0,0.0
2026-02-02,SKU-10013,127,0,0.0
2026-02-02,SKU-10020,277,0,0.0
2026-02-02,SKU-10028,163,0,0.0
2026-02-02,SKU-10043,240,0,0.0
2026-02-02,SKU-10052,181,0,0.0
2026-02-02,SKU-10016,204,0,0.0
2026-02-02,SKU-10048,155,0,0.0
2026-02-02,SKU-10036,211,0,0.0
2026-02-02,SKU-10031,117,0,0.0
2026-02-02,SKU-10056,277,0,0.0
2026-02-02,SKU-10025,89,0,0.0
2026-02-02,SKU-10002,201,0,0.0
2026-02-02,SKU-10039,150,0,0.0
2026-02-02,SKU-10035,199,0,0.0
2026-02-09,SKU-10033,310,0,0.0
2026-02-09,SKU-10016,284,0,0.0
2026-02-09,SKU-10048,274,0,0.0
2026-02-09,SKU-10051,254,0,0.0
2026-02-09,SKU-10020,73,0,0.0
2026-02-09,SKU-10049,163,0,0.0
2026-02-09,SKU-10041,246,0,0.0
2026-02-09,SKU-10027,199,0,0.0
2026-02-09,SKU-10043,161,0,0.0
2026-02-09,SKU-10030,177,0,0.0
2026-02-09,SKU-10053,177,0,0.0
2026-02-09,SKU-10004,50,0,0.0
2026-02-09,SKU-10009,236,0,0.0
2026-02-09,SKU-10056,201,0,0.0
2026-02-09,SKU-10046,82,0,0.0
2026-02-09,SKU-10031,18,0,0.0
2026-02-09,SKU-10039,137,0,0.0
2026-02-09,SKU-10025,128,0,0.0
2026-02-09,SKU-10028,49,0,0.0
2026-02-09,SKU-10002,233,0,0.0
2026-02-09,SKU-10044,139,0,0.0
2026-02-09,SKU-10054,86,0,0.0
2026-02-09,SKU-10008,238,0,0.0
2026-02-09,SKU-10024,127,0,0.0
2026-02-09,SKU-10029,339,0,0.0
2026-02-09,SKU-10011,261,0,0.0
2026-02-09,SKU-10013,142,0,0.0
2026-02-09,SKU-10037,190,0,0.0
2026-02-09,SKU-10059,128,0,0.0
2026-02-09,SKU-10035,290,0,0.0
2026-02-09,SKU-10058,153,0,0.0
2026-02-09,SKU-10010,178,0,0.0
2026-02-09,SKU-10045,327,0,0.0
2026-02-09,SKU-10017,96,0,0.0
2026-02-09,SKU-10038,205,0,0.0
2026-02-09,SKU-10022,145,0,0.0
2026-02-09,SKU-10019,222,0,0.0
2026-02-09,SKU-10057,301,0,0.0
2026-02-09,SKU-10052,209,0,0.0
2026-02-09,SKU-10050,348,0,0.0
2026-02-09,SKU-10001,205,0,0.0
2026-02-09,SKU-10023,169,0,0.0
2026-02-09,SKU-10003,240,0,0.0
2026-02-09,SKU-10040,0,1,220.14
2026-02-09,SKU-10005,236,0,0.0
