week_end,store_id,nps_score,survey_responses
2025-08-17,Store_001,29,130
2025-08-17,Store_002,22,64
2025-08-17,Store_003,41,128
2025-08-17,Store_004,43,99
2025-08-17,Store_005,63,95
2025-08-17,Store_006,36,143
2025-08-17,Store_007,52,92
2025-08-17,Store_008,53,112
2025-08-17,Store_009,59,128
2025-08-17,Store_010,42,126
2025-08-17,Store_011,61,73
2025-08-17,Store_012,45,156
2025-08-17,Store_013,42,175
2025-08-17,Store_014,35,87
2025-08-17,Store_015,40,103
2025-08-17,Store_016,45,120
2025-08-17,Store_017,43,109
2025-08-17,Store_018,33,150
2025-08-17,Store_019,36,181
2025-08-17,Store_020,52,142
2025-08-24,Store_001,53,110
2025-08-24,Store_002,42,178
2025-08-24,Store_003,30,148
2025-08-24,Store_004,39,118
2025-08-24,Store_005,43,125
2025-08-24,Store_006,57,91
2025-08-24,Store_007,36,156
2025-08-24,Store_008,58,132
2025-08-24,Store_009,38,71
2025-08-24,Store_010,45,153
2025-08-24,Store_011,52,151
2025-08-24,Store_012,30,160
2025-08-24,Store_013,47,101
2025-08-24,Store_014,73,95
2025-08-24,Store_015,35,103
2025-08-24,Store_016,46,99
2025-08-24,Store_017,50,126
2025-08-24,Store_018,34,58
2025-08-24,Store_019,65,125
2025-08-24,Store_020,65,110
2025-08-31,Store_001,40,79
2025-08-31,Store_002,30,167
2025-08-31,Store_003,53,86
2025-08-31,Store_004,57,84
2025-08-31,Store_005,35,139
2025-08-31,Store_006,46,152
2025-08-31,Store_007,12,93
2025-08-31,Store_008,75,126
2025-08-31,Store_009,48,150
2025-08-31,Store_010,43,155
2025-08-31,Store_011,54,120
2025-08-31,Store_012,38,67
2025-08-31,Store_013,53,200
2025-08-31,Store_014,41,115
2025-08-31,Store_015,36,88
2025-08-31,Store_016,37,187
2025-08-31,Store_017,48,112
2025-08-31,Store_018,25,130
2025-08-31,Store_019,42,87
2025-08-31,Store_020,52,126
2025-09-07,Store_001,77,98
2025-09-07,Store_002,44,123
2025-09-07,Store_003,45,100
2025-09-07,Store_004,48,92
2025-09-07,Store_005,46,167
2025-09-07,Store_006,12,90
2025-09-07,Store_007,36,140
2025-09-07,Store_008,23,105
2025-09-07,Store_009,50,119
2025-09-07,Store_010,16,123
2025-09-07,Store_011,24,103
2025-09-07,Store_012,26,35
2025-09-07,Store_013,20,154
2025-09-07,Store_014,39,179
2025-09-07,Store_015,44,82
2025-09-07,Store_016,51,103
2025-09-07,Store_017,33,44
2025-09-07,Store_018,54,139
2025-09-07,Store_019,37,74
2025-09-07,Store_020,68,117
2025-09-14,Store_001,43,129
2025-09-14,Store_002,54,137
2025-09-14,Store_003,32,91
2025-09-14,Store_004,56,136
2025-09-14,Store_005,70,74
2025-09-14,Store_006,52,187
2025-09-14,Store_007,63,155
2025-09-14,Store_008,53,138
2025-09-14,Store_009,41,75
2025-09-14,Store_010,52,184
2025-09-14,Store_011,48,157
2025-09-14,Store_012,34,116
2025-09-14,Store_013,42,81
2025-09-14,Store_014,54,91
2025-09-14,Store_015,30,135
2025-09-14,Store_016,41,159
2025-09-14,Store_017,42,126
2025-09-14,Store_018,64,156
2025-09-14,Store_019,80,64
2025-09-14,Store_020,52,235
2025-09-21,Store_001,17,89
2025-09-21,Store_002,41,168
2025-09-21,Store_003,29,115
2025-09-21,Store_004,46,115
2025-09-21,Store_005,16,60
2025-09-21,Store_006,42,73
2025-09-21,Store_007,39,125
2025-09-21,Store_008,33,57
2025-09-21,Store_009,37,121
2025-09-21,Store_010,42,35
2025-09-21,Store_011,46,188
2025-09-21,Store_012,52,89
2025-09-21,Store_013,48,99
2025-09-21,Store_014,62,88
2025-09-21,Store_015,31,120
2025-09-21,Store_016,22,122
2025-09-21,Store_017,55,114
2025-09-21,Store_018,29,61
2025-09-21,Store_019,14,101
2025-09-21,Store_020,42,140
2025-09-28,Store_001,29,80
2025-09-28,Store_002,49,145
2025-09-28,Store_003,58,160
2025-09-28,Store_004,35,138
2025-09-28,Store_005,50,79
2025-09-28,Store_006,60,165
2025-09-28,Store_007,48,155
2025-09-28,Store_008,50,158
2025-09-28,Store_009,24,126
2025-09-28,Store_010,65,48
2025-09-28,Store_011,34,144
2025-09-28,Store_012,36,112
2025-09-28,Store_013,18,128
2025-09-28,Store_014,36,125
2025-09-28,Store_015,53,35
2025-09-28,Store_016,57,81
2025-09-28,Store_017,43,148
2025-09-28,Store_018,40,160
2025-09-28,Store_019,40,106
2025-09-28,Store_020,67,117
2025-10-05,Store_001,26,170
2025-10-05,Store_002,5,130
2025-10-05,Store_003,42,91
2025-10-05,Store_004,5,222
2025-10-05,Store_005,42,121
2025-10-05,Store_006,37,64
2025-10-05,Store_007,37,111
2025-10-05,Store_008,57,68
2025-10-05,Store_009,65,107
2025-10-05,Store_010,46,144
2025-10-05,Store_011,25,71
2025-10-05,Store_012,30,170
2025-10-05,Store_013,51,96
2025-10-05,Store_014,18,125
2025-10-05,Store_015,40,77
2025-10-05,Store_016,48,84
2025-10-05,Store_017,55,117
2025-10-05,Store_018,51,160
2025-10-05,Store_019,59,111
2025-10-05,Store_020,37,135
2025-10-12,Store_001,40,73
2025-10-12,Store_002,43,158
2025-10-12,Store_003,51,48
2025-10-12,Store_004,40,123
2025-10-12,Store_005,49,110
2025-10-12,Store_006,28,64
2025-10-12,Store_007,58,184
2025-10-12,Store_008,8,147
2025-10-12,Store_009,39,75
2025-10-12,Store_010,65,76
2025-10-12,Store_011,55,51
2025-10-12,Store_012,52,106
2025-10-12,Store_013,52,46
2025-10-12,Store_014,47,78
2025-10-12,Store_015,57,155
2025-10-12,Store_016,63,149
2025-10-12,Store_017,38,142
2025-10-12,Store_018,32,126
2025-10-12,Store_019,38,142
2025-10-12,Store_020,18,96
2025-10-19,Store_001,42,102
2025-10-19,Store_002,39,140
2025-10-19,Store_003,21,76
2025-10-19,Store_004,48,179
2025-10-19,Store_005,36,121
2025-10-19,Store_006,43,97
2025-10-19,Store_007,72,110
2025-10-19,Store_008,46,92
2025-10-19,Store_009,62,96
2025-10-19,Store_010,30,150
2025-10-19,Store_011,34,123
2025-10-19,Store_012,34,94
2025-10-19,Store_013,45,55
2025-10-19,Store_014,23,176
2025-10-19,Store_015,53,162
2025-10-19,Store_016,44,147
2025-10-19,Store_017,40,155
2025-10-19,Store_018,26,139
2025-10-19,Store_019,22,165
2025-10-19,Store_020,46,189
2025-10-26,Store_001,10,99
2025-10-26,Store_002,36,105
2025-10-26,Store_003,30,155
2025-10-26,Store_004,27,48
2025-10-26,Store_005,36,150
2025-10-26,Store_006,46,102
2025-10-26,Store_007,43,123
2025-10-26,Store_008,38,35
2025-10-26,Store_009,26,165
2025-10-26,Store_010,56,116
2025-10-26,Store_011,27,117
2025-10-26,Store_012,40,111
2025-10-26,Store_013,61,106
2025-10-26,Store_014,64,98
2025-10-26,Store_015,51,35
2025-10-26,Store_016,25,159
2025-10-26,Store_017,34,171
2025-10-26,Store_018,48,35
2025-10-26,Store_019,36,127
2025-10-26,Store_020,31,124
2025-11-02,Store_001,39,136
2025-11-02,Store_002,58,125
2025-11-02,Store_003,48,74
2025-11-02,Store_004,45,146
2025-11-02,Store_005,50,174
2025-11-02,Store_006,37,67
2025-11-02,Store_007,23,74
2025-11-02,Store_008,44,88
2025-11-02,Store_009,19,114
2025-11-02,Store_010,48,192
2025-11-02,Store_011,50,107
2025-11-02,Store_012,46,162
2025-11-02,Store_013,47,90
2025-11-02,Store_014,48,61
2025-11-02,Store_015,27,100
2025-11-02,Store_016,71,37
2025-11-02,Store_017,54,68
2025-11-02,Store_018,47,168
2025-11-02,Store_019,63,61
2025-11-02,Store_020,40,139
2025-11-09,Store_001,35,93
2025-11-09,Store_002,46,105
2025-11-09,Store_003,39,150
2025-11-09,Store_004,33,111
2025-11-09,Store_005,36,161
2025-11-09,Store_006,45,162
2025-11-09,Store_007,44,168
2025-11-09,Store_008,19,98
2025-11-09,Store_009,57,105
2025-11-09,Store_010,16,66
2025-11-09,Store_011,31,167
2025-11-09,Store_012,43,89
2025-11-09,Store_013,44,140
2025-11-09,Store_014,56,109
2025-11-09,Store_015,26,135
2025-11-09,Store_016,31,125
2025-11-09,Store_017,17,132
2025-11-09,Store_018,23,103
2025-11-09,Store_019,36,109
2025-11-09,Store_020,28,98
2025-11-16,Store_001,14,116
2025-11-16,Store_002,49,160
2025-11-16,Store_003,45,120
2025-11-16,Store_004,37,125
2025-11-16,Store_005,61,121
2025-11-16,Store_006,13,126
2025-11-16,Store_007,33,119
2025-11-16,Store_008,31,109
2025-11-16,Store_009,60,142
2025-11-16,Store_010,35,187
2025-11-16,Store_011,27,48
2025-11-16,Store_012,27,35
2025-11-16,Store_013,43,142
2025-11-16,Store_014,25,170
2025-11-16,Store_015,41,108
2025-11-16,Store_016,48,176
2025-11-16,Store_017,56,69
2025-11-16,Store_018,26,81
2025-11-16,Store_019,38,139
2025-11-16,Store_020,39,148
2025-11-23,Store_001,32,117
2025-11-23,Store_002,34,67
2025-11-23,Store_003,39,50
2025-11-23,Store_004,49,75
2025-11-23,Store_005,74,127
2025-11-23,Store_006,54,138
2025-11-23,Store_007,47,163
2025-11-23,Store_008,17,128
2025-11-23,Store_009,36,112
2025-11-23,Store_010,33,211
2025-11-23,Store_011,65,101
2025-11-23,Store_012,29,58
2025-11-23,Store_013,12,129
2025-11-23,Store_014,62,148
2025-11-23,Store_015,69,50
2025-11-23,Store_016,23,158
2025-11-23,Store_017,48,147
2025-11-23,Store_018,40,122
2025-11-23,Store_019,32,149
2025-11-23,Store_020,50,158
2025-11-30,Store_001,54,89
2025-11-30,Store_002,53,178
2025-11-30,Store_003,37,75
2025-11-30,Store_004,54,113
2025-11-30,Store_005,40,102
2025-11-30,Store_006,39,102
2025-11-30,Store_007,39,80
2025-11-30,Store_008,38,127
2025-11-30,Store_009,55,138
2025-11-30,Store_010,46,155
2025-11-30,Store_011,52,124
2025-11-30,Store_012,19,53
2025-11-30,Store_013,42,116
2025-11-30,Store_014,46,35
2025-11-30,Store_015,38,170
2025-11-30,Store_016,53,48
2025-11-30,Store_017,61,113
2025-11-30,Store_018,15,178
2025-11-30,Store_019,39,122
2025-11-30,Store_020,52,91
2025-12-07,Store_001,37,73
2025-12-07,Store_002,56,128
2025-12-07,Store_003,35,135
2025-12-07,Store_004,80,117
2025-12-07,Store_005,54,145
2025-12-07,Store_006,42,141
2025-12-07,Store_007,37,41
2025-12-07,Store_008,51,128
2025-12-07,Store_009,23,144
2025-12-07,Store_010,42,181
2025-12-07,Store_011,61,156
2025-12-07,Store_012,53,121
2025-12-07,Store_013,24,118
2025-12-07,Store_014,35,106
2025-12-07,Store_015,34,116
2025-12-07,Store_016,57,168
2025-12-07,Store_017,35,134
2025-12-07,Store_018,61,112
2025-12-07,Store_019,49,120
2025-12-07,Store_020,55,130
2025-12-14,Store_001,71,81
2025-12-14,Store_002,30,71
2025-12-14,Store_003,38,117
2025-12-14,Store_004,35,85
2025-12-14,Store_005,31,194
2025-12-14,Store_006,38,143
2025-12-14,Store_007,42,150
2025-12-14,Store_008,45,158
2025-12-14,Store_009,52,113
2025-12-14,Store_010,21,76
2025-12-14,Store_011,56,127
2025-12-14,Store_012,52,214
2025-12-14,Store_013,42,112
2025-12-14,Store_014,71,155
2025-12-14,Store_015,45,147
2025-12-14,Store_016,48,83
2025-12-14,Store_017,44,97
2025-12-14,Store_018,29,155
2025-12-14,Store_019,48,136
2025-12-14,Store_020,18,148
2025-12-21,Store_001,51,183
2025-12-21,Store_002,34,120
2025-12-21,Store_003,15,139
2025-12-21,Store_004,52,87
2025-12-21,Store_005,58,107
2025-12-21,Store_006,39,123
2025-12-21,Store_007,35,142
2025-12-21,Store_008,49,111
2025-12-21,Store_009,49,43
2025-12-21,Store_010,40,38
2025-12-21,Store_011,71,126
2025-12-21,Store_012,32,116
2025-12-21,Store_013,55,129
2025-12-21,Store_014,47,92
2025-12-21,Store_015,47,148
2025-12-21,Store_016,56,84
2025-12-21,Store_017,46,135
2025-12-21,Store_018,52,93
2025-12-21,Store_019,46,190
2025-12-21,Store_020,24,151
2025-12-28,Store_001,37,125
2025-12-28,Store_002,13,139
2025-12-28,Store_003,41,123
2025-12-28,Store_004,62,134
2025-12-28,Store_005,53,119
2025-12-28,Store_006,52,98
2025-12-28,Store_007,36,193
2025-12-28,Store_008,40,140
2025-12-28,Store_009,36,121
2025-12-28,Store_010,39,143
2025-12-28,Store_011,46,98
2025-12-28,Store_012,43,130
2025-12-28,Store_013,20,35
2025-12-28,Store_014,39,80
2025-12-28,Store_015,45,123
2025-12-28,Store_016,34,148
2025-12-28,Store_017,51,41
2025-12-28,Store_018,45,152
2025-12-28,Store_019,45,86
2025-12-28,Store_020,45,97
2026-01-04,Store_001,49,120
2026-01-04,Store_002,62,99
2026-01-04,Store_003,43,54
2026-01-04,Store_004,37,147
2026-01-04,Store_005,39,135
2026-01-04,Store_006,49,120
2026-01-04,Store_007,30,118
2026-01-04,Store_008,30,148
2026-01-04,Store_009,68,103
2026-01-04,Store_010,52,147
2026-01-04,Store_011,37,35
2026-01-04,Store_012,32,108
2026-01-04,Store_013,26,102
2026-01-04,Store_014,48,161
2026-01-04,Store_015,43,135
2026-01-04,Store_016,44,98
2026-01-04,Store_017,48,134
2026-01-04,Store_018,42,88
2026-01-04,Store_019,51,126
2026-01-04,Store_020,57,200
2026-01-11,Store_001,23,50
2026-01-11,Store_002,37,144
2026-01-11,Store_003,41,154
2026-01-11,Store_004,42,162
2026-01-11,Store_005,49,82
2026-01-11,Store_006,51,83
2026-01-11,Store_007,33,145
2026-01-11,Store_008,32,132
2026-01-11,Store_009,35,45
2026-01-11,Store_010,19,140
2026-01-11,Store_011,60,138
2026-01-11,Store_012,14,67
2026-01-11,Store_013,52,129
2026-01-11,Store_014,51,81
2026-01-11,Store_015,37,69
2026-01-11,Store_016,50,152
2026-01-11,Store_017,38,115
2026-01-11,Store_018,43,104
2026-01-11,Store_019,30,86
2026-01-11,Store_020,53,194
2026-01-18,Store_001,47,64
2026-01-18,Store_002,21,82
2026-01-18,Store_003,65,125
2026-01-18,Store_004,51,212
2026-01-18,Store_005,40,199
2026-01-18,Store_006,31,140
2026-01-18,Store_007,30,204
2026-01-18,Store_008,34,58
2026-01-18,Store_009,27,142
2026-01-18,Store_010,38,125
2026-01-18,Store_011,46,128
2026-01-18,Store_012,5,145
2026-01-18,Store_013,37,140
2026-01-18,Store_014,36,165
2026-01-18,Store_015,54,86
2026-01-18,Store_016,11,105
2026-01-18,Store_017,31,191
2026-01-18,Store_018,56,95
2026-01-18,Store_019,37,96
2026-01-18,Store_020,10,119
2026-01-25,Store_001,38,92
2026-01-25,Store_002,49,119
2026-01-25,Store_003,37,153
2026-01-25,Store_004,45,87
2026-01-25,Store_005,43,182
2026-01-25,Store_006,34,171
2026-01-25,Store_007,36,83
2026-01-25,Store_008,32,118
2026-01-25,Store_009,59,61
2026-01-25,Store_010,63,164
2026-01-25,Store_011,59,101
2026-01-25,Store_012,24,163
2026-01-25,Store_013,13,148
2026-01-25,Store_014,49,149
2026-01-25,Store_015,47,100
2026-01-25,Store_016,56,88
2026-01-25,Store_017,28,138
2026-01-25,Store_018,49,91
2026-01-25,Store_019,54,135
2026-01-25,Store_020,43,160
2026-02-01,Store_001,6,162
2026-02-01,Store_002,34,153
2026-02-01,Store_003,5,122
2026-02-01,Store_004,60,148
2026-02-01,Store_005,63,123
2026-02-01,Store_006,63,124
2026-02-01,Store_007,51,95
2026-02-01,Store_008,33,106
2026-02-01,Store_009,37,86
2026-02-01,Store_010,26,61
2026-02-01,Store_011,45,40
2026-02-01,Store_012,49,163
2026-02-01,Store_013,40,113
2026-02-01,Store_014,53,109
2026-02-01,Store_015,68,79
2026-02-01,Store_016,44,65
2026-02-01,Store_017,48,157
2026-02-01,Store_018,58,126
2026-02-01,Store_019,42,140
2026-02-01,Store_020,27,90
2026-02-08,Store_001,25,141
2026-02-08,Store_002,52,36
2026-02-08,Store_003,62,120
2026-02-08,Store_004,25,86
2026-02-08,Store_005,64,113
2026-02-08,Store_006,35,111
2026-02-08,Store_007,25,116
2026-02-08,Store_008,33,75
2026-02-08,Store_009,45,138
2026-02-08,Store_010,52,142
2026-02-08,Store_011,64,125
2026-02-08,Store_012,37,181
2026-02-08,Store_013,47,123
2026-02-08,Store_014,35,208
2026-02-08,Store_015,42,106
2026-02-08,Store_016,36,110
2026-02-08,Store_017,65,91
2026-02-08,Store_018,57,97
2026-02-08,Store_019,54,114
2026-02-08,Store_020,72,119
