week_start,asin,sku,on_hand_units,in_transit_units,supplier_lead_days,inventory_status
2025-08-18,B0673178,SKU-0001,167,36,23,In Stock
2025-08-18,B0494532,SKU-0002,235,30,25,In Stock
2025-08-18,B0466098,SKU-0003,28,15,18,Low
2025-08-18,B0287544,SKU-0004,275,47,15,In Stock
2025-08-18,B0444234,SKU-0005,155,68,27,In Stock
2025-08-18,B0474559,SKU-0006,246,107,19,In Stock
2025-08-18,B0760123,SKU-0007,263,5,13,In Stock
2025-08-18,B0300550,SKU-0008,184,104,24,In Stock
2025-08-18,B0565132,SKU-0009,146,84,12,In Stock
2025-08-18,B0138771,SKU-0010,132,49,10,In Stock
2025-08-18,B0165870,SKU-0011,123,16,21,In Stock
2025-08-18,B0661462,SKU-0012,202,59,26,In Stock
2025-08-18,B0241131,SKU-0013,84,32,26,In Stock
2025-08-18,B0934569,SKU-0014,226,66,28,In Stock
2025-08-18,B0916675,SKU-0015,157,14,15,In Stock
2025-08-25,B0673178,SKU-0001,158,49,14,In Stock
2025-08-25,B0494532,SKU-0002,142,39,28,In Stock
2025-08-25,B0466098,SKU-0003,244,54,20,In Stock
2025-08-25,B0287544,SKU-0004,292,40,20,In Stock
2025-08-25,B0444234,SKU-0005,98,56,27,In Stock
2025-08-25,B0474559,SKU-0006,82,53,14,In Stock
2025-08-25,B0760123,SKU-0007,144,0,18,In Stock
2025-08-25,B0300550,SKU-0008,187,45,26,In Stock
2025-08-25,B0565132,SKU-0009,171,57,12,In Stock
2025-08-25,B0138771,SKU-0010,89,27,25,In Stock
2025-08-25,B0165870,SKU-0011,287,11,12,In Stock
2025-08-25,B0661462,SKU-0012,59,57,28,In Stock
2025-08-25,B0241131,SKU-0013,33,85,20,In Stock
2025-08-25,B0934569,SKU-0014,156,31,20,In Stock
2025-08-25,B0916675,SKU-0015,188,23,14,In Stock
2025-09-01,B0673178,SKU-0001,113,65,13,In Stock
2025-09-01,B0494532,SKU-0002,118,12,20,In Stock
2025-09-01,B0466098,SKU-0003,252,5,15,In Stock
2025-09-01,B0287544,SKU-0004,217,33,12,In Stock
2025-09-01,B0444234,SKU-0005,183,68,26,In Stock
2025-09-01,B0474559,SKU-0006,136,55,27,In Stock
2025-09-01,B0760123,SKU-0007,175,33,24,In Stock
2025-09-01,B0300550,SKU-0008,151,47,21,In Stock
2025-09-01,B0565132,SKU-0009,36,20,22,In Stock
2025-09-01,B0138771,SKU-0010,160,61,13,In Stock
2025-09-01,B0165870,SKU-0011,174,76,22,In Stock
2025-09-01,B0661462,SKU-0012,201,33,13,In Stock
2025-09-01,B0241131,SKU-0013,71,40,20,In Stock
2025-09-01,B0934569,SKU-0014,256,45,26,In Stock
2025-09-01,B0916675,SKU-0015,184,70,11,In Stock
2025-09-08,B0673178,SKU-0001,127,29,10,In Stock
2025-09-08,B0494532,SKU-0002,233,60,13,In Stock
2025-09-08,B0466098,SKU-0003,64,13,16,In Stock
2025-09-08,B0287544,SKU-0004,77,65,20,In Stock
2025-09-08,B0444234,SKU-0005,30,55,28,In Stock
2025-09-08,B0474559,SKU-0006,238,45,18,In Stock
2025-09-08,B0760123,SKU-0007,190,0,10,In Stock
2025-09-08,B0300550,SKU-0008,121,34,19,In Stock
2025-09-08,B0565132,SKU-0009,120,7,19,In Stock
2025-09-08,B0138771,SKU-0010,0,40,18,OOS
2025-09-08,B0165870,SKU-0011,169,54,12,In Stock
2025-09-08,B0661462,SKU-0012,99,0,26,In Stock
2025-09-08,B0241131,SKU-0013,29,52,15,Low
2025-09-08,B0934569,SKU-0014,44,33,21,In Stock
2025-09-08,B0916675,SKU-0015,122,35,11,In Stock
2025-09-15,B0673178,SKU-0001,92,7,24,In Stock
2025-09-15,B0494532,SKU-0002,131,65,17,In Stock
2025-09-15,B0466098,SKU-0003,241,71,25,In Stock
2025-09-15,B0287544,SKU-0004,190,63,14,In Stock
2025-09-15,B0444234,SKU-0005,140,49,15,In Stock
2025-09-15,B0474559,SKU-0006,264,61,17,In Stock
2025-09-15,B0760123,SKU-0007,57,41,14,In Stock
2025-09-15,B0300550,SKU-0008,181,81,21,In Stock
2025-09-15,B0565132,SKU-0009,147,37,21,In Stock
2025-09-15,B0138771,SKU-0010,151,62,28,In Stock
2025-09-15,B0165870,SKU-0011,126,2,22,In Stock
2025-09-15,B0661462,SKU-0012,189,48,12,In Stock
2025-09-15,B0241131,SKU-0013,106,49,13,In Stock
2025-09-15,B0934569,SKU-0014,258,50,22,In Stock
2025-09-15,B0916675,SKU-0015,166,18,11,In Stock
2025-09-22,B0673178,SKU-0001,143,60,25,In Stock
2025-09-22,B0494532,SKU-0002,305,97,25,In Stock
2025-09-22,B0466098,SKU-0003,199,31,14,In Stock
2025-09-22,B0287544,SKU-0004,37,29,10,In Stock
2025-09-22,B0444234,SKU-0005,218,43,20,In Stock
2025-09-22,B0474559,SKU-0006,254,93,15,In Stock
2025-09-22,B0760123,SKU-0007,120,44,27,In Stock
2025-09-22,B0300550,SKU-0008,177,43,14,In Stock
2025-09-22,B0565132,SKU-0009,230,61,27,In Stock
2025-09-22,B0138771,SKU-0010,122,64,12,In Stock
2025-09-22,B0165870,SKU-0011,190,24,16,In Stock
2025-09-22,B0661462,SKU-0012,141,53,10,In Stock
2025-09-22,B0241131,SKU-0013,282,29,26,In Stock
2025-09-22,B0934569,SKU-0014,246,54,23,In Stock
2025-09-22,B0916675,SKU-0015,268,108,25,In Stock
2025-09-29,B0673178,SKU-0001,266,35,23,In Stock
2025-09-29,B0494532,SKU-0002,90,36,12,In Stock
2025-09-29,B0466098,SKU-0003,244,64,24,In Stock
2025-09-29,B0287544,SKU-0004,128,29,26,In Stock
2025-09-29,B0444234,SKU-0005,191,0,25,In Stock
2025-09-29,B0474559,SKU-0006,143,58,15,In Stock
2025-09-29,B0760123,SKU-0007,186,36,15,In Stock
2025-09-29,B0300550,SKU-0008,215,56,23,In Stock
2025-09-29,B0565132,SKU-0009,203,5,25,In Stock
2025-09-29,B0138771,SKU-0010,204,96,11,In Stock
2025-09-29,B0165870,SKU-0011,133,79,14,In Stock
2025-09-29,B0661462,SKU-0012,214,18,11,In Stock
2025-09-29,B0241131,SKU-0013,301,3,13,In Stock
2025-09-29,B0934569,SKU-0014,56,51,14,In Stock
2025-09-29,B0916675,SKU-0015,268,43,26,In Stock
2025-10-06,B0673178,SKU-0001,201,59,23,In Stock
2025-10-06,B0494532,SKU-0002,78,33,19,In Stock
2025-10-06,B0466098,SKU-0003,72,45,20,In Stock
2025-10-06,B0287544,SKU-0004,99,57,14,In Stock
2025-10-06,B0444234,SKU-0005,158,25,26,In Stock
2025-10-06,B0474559,SKU-0006,89,13,22,In Stock
2025-10-06,B0760123,SKU-0007,269,30,22,In Stock
2025-10-06,B0300550,SKU-0008,147,33,26,In Stock
2025-10-06,B0565132,SKU-0009,140,63,19,In Stock
2025-10-06,B0138771,SKU-0010,209,78,14,In Stock
2025-10-06,B0165870,SKU-0011,171,9,12,In Stock
2025-10-06,B0661462,SKU-0012,216,58,20,In Stock
2025-10-06,B0241131,SKU-0013,240,16,10,In Stock
2025-10-06,B0934569,SKU-0014,229,69,20,In Stock
2025-10-06,B0916675,SKU-0015,53,86,11,In Stock
2025-10-13,B0673178,SKU-0001,173,47,11,In Stock
2025-10-13,B0494532,SKU-0002,234,0,18,In Stock
2025-10-13,B0466098,SKU-0003,196,48,25,In Stock
2025-10-13,B0287544,SKU-0004,192,24,27,In Stock
2025-10-13,B0444234,SKU-0005,146,61,17,In Stock
2025-10-13,B0474559,SKU-0006,113,70,25,In Stock
2025-10-13,B0760123,SKU-0007,213,29,15,In Stock
2025-10-13,B0300550,SKU-0008,117,31,13,In Stock
2025-10-13,B0565132,SKU-0009,167,24,19,In Stock
2025-10-13,B0138771,SKU-0010,187,63,18,In Stock
2025-10-13,B0165870,SKU-0011,284,17,18,In Stock
2025-10-13,B0661462,SKU-0012,168,30,27,In Stock
2025-10-13,B0241131,SKU-0013,247,59,11,In Stock
2025-10-13,B0934569,SKU-0014,53,30,18,In Stock
2025-10-13,B0916675,SKU-0015,173,16,28,In Stock
2025-10-20,B0673178,SKU-0001,276,69,24,In Stock
2025-10-20,B0494532,SKU-0002,279,54,12,In Stock
2025-10-20,B0466098,SKU-0003,0,43,12,OOS
2025-10-20,B0287544,SKU-0004,155,0,16,In Stock
2025-10-20,B0444234,SKU-0005,138,62,26,In Stock
2025-10-20,B0474559,SKU-0006,12,74,13,Low
2025-10-20,B0760123,SKU-0007,152,33,14,In Stock
2025-10-20,B0300550,SKU-0008,89,40,13,In Stock
2025-10-20,B0565132,SKU-0009,184,81,13,In Stock
2025-10-20,B0138771,SKU-0010,120,53,17,In Stock
2025-10-20,B0165870,SKU-0011,175,24,26,In Stock
2025-10-20,B0661462,SKU-0012,162,12,19,In Stock
2025-10-20,B0241131,SKU-0013,147,88,28,In Stock
2025-10-20,B0934569,SKU-0014,221,81,26,In Stock
2025-10-20,B0916675,SKU-0015,47,48,20,In Stock
2025-10-27,B0673178,SKU-0001,119,4,21,In Stock
2025-10-27,B0494532,SKU-0002,228,52,13,In Stock
2025-10-27,B0466098,SKU-0003,165,30,27,In Stock
2025-10-27,B0287544,SKU-0004,156,34,23,In Stock
2025-10-27,B0444234,SKU-0005,258,31,28,In Stock
2025-10-27,B0474559,SKU-0006,166,69,25,In Stock
2025-10-27,B0760123,SKU-0007,197,68,14,In Stock
2025-10-27,B0300550,SKU-0008,113,52,19,In Stock
2025-10-27,B0565132,SKU-0009,57,39,25,In Stock
2025-10-27,B0138771,SKU-0010,138,57,17,In Stock
2025-10-27,B0165870,SKU-0011,204,53,26,In Stock
2025-10-27,B0661462,SKU-0012,226,38,22,In Stock
2025-10-27,B0241131,SKU-0013,178,37,17,In Stock
2025-10-27,B0934569,SKU-0014,153,52,24,In Stock
2025-10-27,B0916675,SKU-0015,85,2,17,In Stock
2025-11-03,B0673178,SKU-0001,180,56,13,In Stock
2025-11-03,B0494532,SKU-0002,183,17,11,In Stock
2025-11-03,B0466098,SKU-0003,139,31,17,In Stock
2025-11-03,B0287544,SKU-0004,139,50,18,In Stock
2025-11-03,B0444234,SKU-0005,240,73,11,In Stock
2025-11-03,B0474559,SKU-0006,166,61,22,In Stock
2025-11-03,B0760123,SKU-0007,160,50,20,In Stock
2025-11-03,B0300550,SKU-0008,66,3,15,In Stock
2025-11-03,B0565132,SKU-0009,80,77,18,In Stock
2025-11-03,B0138771,SKU-0010,134,0,13,In Stock
2025-11-03,B0165870,SKU-0011,139,42,20,In Stock
2025-11-03,B0661462,SKU-0012,158,49,19,In Stock
2025-11-03,B0241131,SKU-0013,92,54,11,In Stock
2025-11-03,B0934569,SKU-0014,265,32,24,In Stock
2025-11-03,B0916675,SKU-0015,247,39,14,In Stock
2025-11-10,B0673178,SKU-0001,317,84,11,In Stock
2025-11-10,B0494532,SKU-0002,143,56,16,In Stock
2025-11-10,B0466098,SKU-0003,89,13,21,In Stock
2025-11-10,B0287544,SKU-0004,204,30,21,In Stock
2025-11-10,B0444234,SKU-0005,204,68,14,In Stock
2025-11-10,B0474559,SKU-0006,35,89,27,In Stock
2025-11-10,B0760123,SKU-0007,277,29,23,In Stock
2025-11-10,B0300550,SKU-0008,99,56,27,In Stock
2025-11-10,B0565132,SKU-0009,18,67,20,Low
2025-11-10,B0138771,SKU-0010,193,68,10,In Stock
2025-11-10,B0165870,SKU-0011,234,87,14,In Stock
2025-11-10,B0661462,SKU-0012,250,10,17,In Stock
2025-11-10,B0241131,SKU-0013,242,49,22,In Stock
2025-11-10,B0934569,SKU-0014,186,119,16,In Stock
2025-11-10,B0916675,SKU-0015,274,50,23,In Stock
2025-11-17,B0673178,SKU-0001,137,25,11,In Stock
2025-11-17,B0494532,SKU-0002,120,23,12,In Stock
2025-11-17,B0466098,SKU-0003,147,9,25,In Stock
2025-11-17,B0287544,SKU-0004,232,89,11,In Stock
2025-11-17,B0444234,SKU-0005,90,9,21,In Stock
2025-11-17,B0474559,SKU-0006,205,42,22,In Stock
2025-11-17,B0760123,SKU-0007,177,17,17,In Stock
2025-11-17,B0300550,SKU-0008,225,37,10,In Stock
2025-11-17,B0565132,SKU-0009,247,33,26,In Stock
2025-11-17,B0138771,SKU-0010,245,61,11,In Stock
2025-11-17,B0165870,SKU-0011,214,31,19,In Stock
2025-11-17,B0661462,SKU-0012,131,64,13,In Stock
2025-11-17,B0241131,SKU-0013,85,28,23,In Stock
2025-11-17,B0934569,SKU-0014,180,52,12,In Stock
2025-11-17,B0916675,SKU-0015,302,34,23,In Stock
2025-11-24,B0673178,SKU-0001,68,15,12,In Stock
2025-11-24,B0494532,SKU-0002,197,10,11,In Stock
2025-11-24,B0466098,SKU-0003,141,55,13,In Stock
2025-11-24,B0287544,SKU-0004,28,81,28,Low
2025-11-24,B0444234,SKU-0005,161,35,12,In Stock
2025-11-24,B0474559,SKU-0006,241,37,17,In Stock
2025-11-24,B0760123,SKU-0007,81,31,28,In Stock
2025-11-24,B0300550,SKU-0008,253,53,22,In Stock
2025-11-24,B0565132,SKU-0009,99,61,12,In Stock
2025-11-24,B0138771,SKU-0010,83,39,13,In Stock
2025-11-24,B0165870,SKU-0011,95,52,28,In Stock
2025-11-24,B0661462,SKU-0012,215,60,24,In Stock
2025-11-24,B0241131,SKU-0013,321,18,16,In Stock
2025-11-24,B0934569,SKU-0014,77,52,17,In Stock
2025-11-24,B0916675,SKU-0015,156,53,18,In Stock
2025-12-01,B0673178,SKU-0001,229,66,25,In Stock
2025-12-01,B0494532,SKU-0002,123,83,24,In Stock
2025-12-01,B0466098,SKU-0003,96,45,21,In Stock
2025-12-01,B0287544,SKU-0004,107,50,14,In Stock
2025-12-01,B0444234,SKU-0005,20,46,22,Low
2025-12-01,B0474559,SKU-0006,159,65,11,In Stock
2025-12-01,B0760123,SKU-0007,101,0,17,In Stock
2025-12-01,B0300550,SKU-0008,134,79,27,In Stock
2025-12-01,B0565132,SKU-0009,235,31,18,In Stock
2025-12-01,B0138771,SKU-0010,134,58,25,In Stock
2025-12-01,B0165870,SKU-0011,34,39,17,In Stock
2025-12-01,B0661462,SKU-0012,199,46,27,In Stock
2025-12-01,B0241131,SKU-0013,294,32,19,In Stock
2025-12-01,B0934569,SKU-0014,74,35,13,In Stock
2025-12-01,B0916675,SKU-0015,138,51,13,In Stock
2025-12-08,B0673178,SKU-0001,362,51,26,In Stock
2025-12-08,B0494532,SKU-0002,299,55,22,In Stock
2025-12-08,B0466098,SKU-0003,75,22,19,In Stock
2025-12-08,B0287544,SKU-0004,133,30,26,In Stock
2025-12-08,B0444234,SKU-0005,195,55,24,In Stock
2025-12-08,B0474559,SKU-0006,196,14,21,In Stock
2025-12-08,B0760123,SKU-0007,72,3,14,In Stock
2025-12-08,B0300550,SKU-0008,188,43,13,In Stock
2025-12-08,B0565132,SKU-0009,171,38,20,In Stock
2025-12-08,B0138771,SKU-0010,174,22,23,In Stock
2025-12-08,B0165870,SKU-0011,44,83,13,In Stock
2025-12-08,B0661462,SKU-0012,262,6,22,In Stock
2025-12-08,B0241131,SKU-0013,101,87,24,In Stock
2025-12-08,B0934569,SKU-0014,105,72,10,In Stock
2025-12-08,B0916675,SKU-0015,251,44,15,In Stock
2025-12-15,B0673178,SKU-0001,64,43,11,In Stock
2025-12-15,B0494532,SKU-0002,66,54,14,In Stock
2025-12-15,B0466098,SKU-0003,106,43,26,In Stock
2025-12-15,B0287544,SKU-0004,281,24,23,In Stock
2025-12-15,B0444234,SKU-0005,218,10,10,In Stock
2025-12-15,B0474559,SKU-0006,237,65,10,In Stock
2025-12-15,B0760123,SKU-0007,214,55,18,In Stock
2025-12-15,B0300550,SKU-0008,61,65,28,In Stock
2025-12-15,B0565132,SKU-0009,161,15,13,In Stock
2025-12-15,B0138771,SKU-0010,239,55,28,In Stock
2025-12-15,B0165870,SKU-0011,194,8,26,In Stock
2025-12-15,B0661462,SKU-0012,74,52,15,In Stock
2025-12-15,B0241131,SKU-0013,152,45,11,In Stock
2025-12-15,B0934569,SKU-0014,161,15,26,In Stock
2025-12-15,B0916675,SKU-0015,99,33,22,In Stock
2025-12-22,B0673178,SKU-0001,140,40,25,In Stock
2025-12-22,B0494532,SKU-0002,163,79,20,In Stock
2025-12-22,B0466098,SKU-0003,15,51,10,Low
2025-12-22,B0287544,SKU-0004,113,27,25,In Stock
2025-12-22,B0444234,SKU-0005,89,58,23,In Stock
2025-12-22,B0474559,SKU-0006,7,34,19,Low
2025-12-22,B0760123,SKU-0007,87,83,24,In Stock
2025-12-22,B0300550,SKU-0008,179,45,27,In Stock
2025-12-22,B0565132,SKU-0009,292,49,17,In Stock
2025-12-22,B0138771,SKU-0010,119,46,14,In Stock
2025-12-22,B0165870,SKU-0011,154,2,18,In Stock
2025-12-22,B0661462,SKU-0012,89,51,22,In Stock
2025-12-22,B0241131,SKU-0013,157,61,27,In Stock
2025-12-22,B0934569,SKU-0014,128,10,21,In Stock
2025-12-22,B0916675,SKU-0015,136,67,19,In Stock
2025-12-29,B0673178,SKU-0001,199,64,26,In Stock
2025-12-29,B0494532,SKU-0002,60,61,15,In Stock
2025-12-29,B0466098,SKU-0003,99,0,17,In Stock
2025-12-29,B0287544,SKU-0004,111,84,24,In Stock
2025-12-29,B0444234,SKU-0005,298,86,12,In Stock
2025-12-29,B0474559,SKU-0006,200,66,12,In Stock
2025-12-29,B0760123,SKU-0007,80,24,13,In Stock
2025-12-29,B0300550,SKU-0008,205,38,18,In Stock
2025-12-29,B0565132,SKU-0009,235,54,15,In Stock
2025-12-29,B0138771,SKU-0010,161,18,17,In Stock
2025-12-29,B0165870,SKU-0011,121,56,21,In Stock
2025-12-29,B0661462,SKU-0012,175,49,23,In Stock
2025-12-29,B0241131,SKU-0013,201,73,16,In Stock
2025-12-29,B0934569,SKU-0014,173,34,21,In Stock
2025-12-29,B0916675,SKU-0015,214,44,15,In Stock
2026-01-05,B0673178,SKU-0001,98,75,24,In Stock
2026-01-05,B0494532,SKU-0002,291,78,20,In Stock
2026-01-05,B0466098,SKU-0003,120,41,12,In Stock
2026-01-05,B0287544,SKU-0004,171,34,21,In Stock
2026-01-05,B0444234,SKU-0005,163,34,26,In Stock
2026-01-05,B0474559,SKU-0006,46,46,18,In Stock
2026-01-05,B0760123,SKU-0007,204,35,13,In Stock
2026-01-05,B0300550,SKU-0008,102,41,23,In Stock
2026-01-05,B0565132,SKU-0009,88,75,24,In Stock
2026-01-05,B0138771,SKU-0010,151,39,17,In Stock
2026-01-05,B0165870,SKU-0011,241,32,12,In Stock
2026-01-05,B0661462,SKU-0012,188,53,25,In Stock
2026-01-05,B0241131,SKU-0013,120,68,12,In Stock
2026-01-05,B0934569,SKU-0014,270,43,12,In Stock
2026-01-05,B0916675,SKU-0015,103,12,22,In Stock
2026-01-12,B0673178,SKU-0001,170,27,18,In Stock
2026-01-12,B0494532,SKU-0002,210,42,14,In Stock
2026-01-12,B0466098,SKU-0003,192,81,27,In Stock
2026-01-12,B0287544,SKU-0004,182,0,22,In Stock
2026-01-12,B0444234,SKU-0005,313,80,24,In Stock
2026-01-12,B0474559,SKU-0006,133,46,27,In Stock
2026-01-12,B0760123,SKU-0007,170,17,27,In Stock
2026-01-12,B0300550,SKU-0008,290,0,20,In Stock
2026-01-12,B0565132,SKU-0009,245,85,25,In Stock
2026-01-12,B0138771,SKU-0010,168,71,10,In Stock
2026-01-12,B0165870,SKU-0011,152,7,24,In Stock
2026-01-12,B0661462,SKU-0012,126,48,24,In Stock
2026-01-12,B0241131,SKU-0013,287,23,14,In Stock
2026-01-12,B0934569,SKU-0014,295,52,20,In Stock
2026-01-12,B0916675,SKU-0015,90,45,12,In Stock
2026-01-19,B0673178,SKU-0001,210,76,13,In Stock
2026-01-19,B0494532,SKU-0002,188,34,24,In Stock
2026-01-19,B0466098,SKU-0003,207,13,11,In Stock
2026-01-19,B0287544,SKU-0004,76,39,21,In Stock
2026-01-19,B0444234,SKU-0005,85,0,24,In Stock
2026-01-19,B0474559,SKU-0006,133,71,22,In Stock
2026-01-19,B0760123,SKU-0007,107,33,26,In Stock
2026-01-19,B0300550,SKU-0008,194,37,23,In Stock
2026-01-19,B0565132,SKU-0009,160,35,21,In Stock
2026-01-19,B0138771,SKU-0010,179,70,20,In Stock
2026-01-19,B0165870,SKU-0011,295,17,26,In Stock
2026-01-19,B0661462,SKU-0012,84,77,19,In Stock
2026-01-19,B0241131,SKU-0013,76,76,10,In Stock
2026-01-19,B0934569,SKU-0014,190,89,11,In Stock
2026-01-19,B0916675,SKU-0015,240,77,14,In Stock
2026-01-26,B0673178,SKU-0001,189,19,25,In Stock
2026-01-26,B0494532,SKU-0002,308,50,13,In Stock
2026-01-26,B0466098,SKU-0003,252,84,12,In Stock
2026-01-26,B0287544,SKU-0004,206,56,11,In Stock
2026-01-26,B0444234,SKU-0005,99,47,20,In Stock
2026-01-26,B0474559,SKU-0006,63,11,10,In Stock
2026-01-26,B0760123,SKU-0007,216,49,13,In Stock
2026-01-26,B0300550,SKU-0008,140,24,20,In Stock
2026-01-26,B0565132,SKU-0009,135,9,25,In Stock
2026-01-26,B0138771,SKU-0010,135,15,11,In Stock
2026-01-26,B0165870,SKU-0011,137,30,28,In Stock
2026-01-26,B0661462,SKU-0012,102,41,19,In Stock
2026-01-26,B0241131,SKU-0013,207,66,20,In Stock
2026-01-26,B0934569,SKU-0014,162,0,20,In Stock
2026-01-26,B0916675,SKU-0015,212,0,13,In Stock
2026-02-02,B0673178,SKU-0001,171,25,27,In Stock
2026-02-02,B0494532,SKU-0002,189,32,13,In Stock
2026-02-02,B0466098,SKU-0003,157,16,23,In Stock
2026-02-02,B0287544,SKU-0004,325,61,20,In Stock
2026-02-02,B0444234,SKU-0005,251,73,10,In Stock
2026-02-02,B0474559,SKU-0006,161,66,22,In Stock
2026-02-02,B0760123,SKU-0007,0,32,25,OOS
2026-02-02,B0300550,SKU-0008,166,74,15,In Stock
2026-02-02,B0565132,SKU-0009,152,61,12,In Stock
2026-02-02,B0138771,SKU-0010,140,22,22,In Stock
2026-02-02,B0165870,SKU-0011,50,44,16,In Stock
2026-02-02,B0661462,SKU-0012,111,59,12,In Stock
2026-02-02,B0241131,SKU-0013,180,24,25,In Stock
2026-02-02,B0934569,SKU-0014,19,40,26,Low
2026-02-02,B0916675,SKU-0015,168,58,19,In Stock
2026-02-09,B0673178,SKU-0001,33,23,14,In Stock
2026-02-09,B0494532,SKU-0002,235,5,17,In Stock
2026-02-09,B0466098,SKU-0003,116,0,28,In Stock
2026-02-09,B0287544,SKU-0004,214,53,12,In Stock
2026-02-09,B0444234,SKU-0005,280,24,10,In Stock
2026-02-09,B0474559,SKU-0006,76,68,26,In Stock
2026-02-09,B0760123,SKU-0007,273,47,15,In Stock
2026-02-09,B0300550,SKU-0008,0,42,13,OOS
2026-02-09,B0565132,SKU-0009,166,62,20,In Stock
2026-02-09,B0138771,SKU-0010,194,56,14,In Stock
2026-02-09,B0165870,SKU-0011,114,0,27,In Stock
2026-02-09,B0661462,SKU-0012,323,19,28,In Stock
2026-02-09,B0241131,SKU-0013,184,31,27,In Stock
2026-02-09,B0934569,SKU-0014,267,52,25,In Stock
2026-02-09,B0916675,SKU-0015,220,37,10,In Stock
