date,channel,device,country,sessions,add_to_cart,checkout_start,purchases,cac_modeled
2025-08-15,Paid Search,Mobile,DE,1218,151,99,50,1.55
2025-08-15,Paid Search,Desktop,DE,971,76,46,24,1.0
2025-08-15,Paid Social,Mobile,DE,836,92,60,41,0.37
2025-08-15,Paid Social,Desktop,US,561,76,48,30,1.4
2025-08-15,Organic Search,Mobile,CA,872,85,56,32,0.77
2025-08-15,Organic Search,Desktop,US,826,101,64,42,0.57
2025-08-15,Email,Mobile,US,822,74,48,22,0.49
2025-08-15,Email,Desktop,CA,886,103,62,30,1.19
2025-08-15,Direct,Mobile,DE,480,35,19,10,1.57
2025-08-15,Direct,Desktop,AU,1192,102,77,40,1.45
2025-08-16,Paid Search,Mobile,US,1251,178,110,74,0.98
2025-08-16,Paid Search,Desktop,CA,792,92,60,28,1.2
2025-08-16,Paid Social,Mobile,US,696,65,41,29,1.51
2025-08-16,Paid Social,Desktop,UK,1048,84,53,29,1.48
2025-08-16,Organic Search,Mobile,DE,753,82,64,31,1.05
2025-08-16,Organic Search,Desktop,CA,813,102,81,47,1.87
2025-08-16,Email,Mobile,US,1085,127,99,61,1.58
2025-08-16,Email,Desktop,CA,531,38,25,16,0.99
2025-08-16,Direct,Mobile,CA,854,105,79,39,0.74
2025-08-16,Direct,Desktop,US,824,105,68,43,1.94
2025-08-17,Paid Search,Mobile,DE,1028,120,66,33,1.65
2025-08-17,Paid Search,Desktop,DE,789,89,52,27,1.69
2025-08-17,Paid Social,Mobile,CA,1002,92,50,32,1.18
2025-08-17,Paid Social,Desktop,AU,931,95,54,37,0.97
2025-08-17,Organic Search,Mobile,US,1359,175,140,83,1.38
2025-08-17,Organic Search,Desktop,CA,991,90,60,35,1.48
2025-08-17,Email,Mobile,AU,1245,170,118,79,1.12
2025-08-17,Email,Desktop,CA,933,77,62,42,0.98
2025-08-17,Direct,Mobile,UK,810,117,73,37,1.08
2025-08-17,Direct,Desktop,CA,910,92,64,32,0.37
2025-08-18,Paid Search,Mobile,DE,1138,103,65,33,1.63
2025-08-18,Paid Search,Desktop,CA,374,54,34,24,0.93
2025-08-18,Paid Social,Mobile,UK,864,60,47,28,0.5
2025-08-18,Paid Social,Desktop,CA,657,77,57,39,0.68
2025-08-18,Organic Search,Mobile,US,1168,172,140,89,0.6
2025-08-18,Organic Search,Desktop,CA,838,101,69,48,0.63
2025-08-18,Email,Mobile,AU,1389,102,76,47,0.88
2025-08-18,Email,Desktop,CA,1044,73,54,25,1.41
2025-08-18,Direct,Mobile,DE,487,53,29,13,1.52
2025-08-18,Direct,Desktop,CA,864,108,74,34,0.51
2025-08-19,Paid Search,Mobile,AU,417,30,22,11,1.46
2025-08-19,Paid Search,Desktop,CA,696,94,55,36,1.63
2025-08-19,Paid Social,Mobile,UK,708,88,69,45,0.56
2025-08-19,Paid Social,Desktop,DE,818,106,75,44,1.28
2025-08-19,Organic Search,Mobile,US,773,66,50,30,0.48
2025-08-19,Organic Search,Desktop,AU,706,99,72,47,0.47
2025-08-19,Email,Mobile,DE,1399,150,82,56,0.95
2025-08-19,Email,Desktop,CA,734,92,71,49,1.23
2025-08-19,Direct,Mobile,DE,1027,88,67,40,0.56
2025-08-19,Direct,Desktop,US,953,85,65,31,1.82
2025-08-20,Paid Search,Mobile,DE,1321,163,124,80,0.73
2025-08-20,Paid Search,Desktop,UK,612,88,63,38,0.88
2025-08-20,Paid Social,Mobile,AU,685,77,57,34,1.6
2025-08-20,Paid Social,Desktop,AU,679,88,68,39,0.89
2025-08-20,Organic Search,Mobile,DE,1029,114,65,36,1.22
2025-08-20,Organic Search,Desktop,UK,582,70,56,38,1.71
2025-08-20,Email,Mobile,AU,1275,187,136,79,0.97
2025-08-20,Email,Desktop,UK,934,111,67,36,1.68
2025-08-20,Direct,Mobile,US,793,77,49,29,1.45
2025-08-20,Direct,Desktop,DE,608,68,47,33,1.67
2025-08-21,Paid Search,Mobile,UK,829,103,68,40,1.61
2025-08-21,Paid Search,Desktop,CA,970,129,97,45,1.42
2025-08-21,Paid Social,Mobile,DE,880,99,67,39,0.6
2025-08-21,Paid Social,Desktop,UK,678,89,62,42,0.53
2025-08-21,Organic Search,Mobile,CA,1236,109,63,44,0.68
2025-08-21,Organic Search,Desktop,AU,803,65,39,21,0.6
2025-08-21,Email,Mobile,AU,1250,126,90,47,1.04
2025-08-21,Email,Desktop,US,819,102,66,37,1.18
2025-08-21,Direct,Mobile,AU,1397,120,81,51,1.89
2025-08-21,Direct,Desktop,DE,974,113,77,45,1.45
2025-08-22,Paid Search,Mobile,DE,1524,200,111,55,0.99
2025-08-22,Paid Search,Desktop,DE,657,79,45,25,0.64
2025-08-22,Paid Social,Mobile,DE,568,70,51,36,1.44
2025-08-22,Paid Social,Desktop,AU,1273,179,135,75,0.93
2025-08-22,Organic Search,Mobile,DE,785,105,60,42,1.63
2025-08-22,Organic Search,Desktop,AU,712,77,43,27,0.69
2025-08-22,Email,Mobile,US,1208,178,131,90,0.74
2025-08-22,Email,Desktop,AU,912,79,50,27,1.69
2025-08-22,Direct,Mobile,US,1143,160,120,77,1.53
2025-08-22,Direct,Desktop,DE,588,50,38,23,0.37
2025-08-23,Paid Search,Mobile,CA,998,110,77,43,0.61
2025-08-23,Paid Search,Desktop,CA,778,66,46,24,1.87
2025-08-23,Paid Social,Mobile,AU,565,81,45,30,0.9
2025-08-23,Paid Social,Desktop,AU,807,67,49,32,0.5
2025-08-23,Organic Search,Mobile,CA,1159,147,91,51,0.84
2025-08-23,Organic Search,Desktop,US,383,32,20,10,1.05
2025-08-23,Email,Mobile,UK,662,64,50,23,0.84
2025-08-23,Email,Desktop,CA,626,67,43,23,1.03
2025-08-23,Direct,Mobile,US,989,146,119,76,1.84
2025-08-23,Direct,Desktop,DE,434,41,28,15,0.98
2025-08-24,Paid Search,Mobile,AU,956,70,47,27,1.77
2025-08-24,Paid Search,Desktop,AU,588,69,53,32,1.52
2025-08-24,Paid Social,Mobile,CA,1272,114,90,61,0.43
2025-08-24,Paid Social,Desktop,US,763,75,58,28,1.68
2025-08-24,Organic Search,Mobile,UK,955,128,88,62,1.02
2025-08-24,Organic Search,Desktop,CA,933,138,92,55,1.22
2025-08-24,Email,Mobile,UK,926,104,60,35,0.46
2025-08-24,Email,Desktop,DE,942,83,65,31,1.85
2025-08-24,Direct,Mobile,CA,1383,204,132,63,1.39
2025-08-24,Direct,Desktop,UK,842,123,92,64,1.4
2025-08-25,Paid Search,Mobile,UK,1307,154,120,66,0.81
2025-08-25,Paid Search,Desktop,DE,1066,90,51,25,0.48
2025-08-25,Paid Social,Mobile,CA,874,113,90,43,0.87
2025-08-25,Paid Social,Desktop,UK,613,54,37,19,1.26
2025-08-25,Organic Search,Mobile,CA,604,64,40,20,1.93
2025-08-25,Organic Search,Desktop,AU,836,64,42,21,0.99
2025-08-25,Email,Mobile,AU,477,42,32,19,1.86
2025-08-25,Email,Desktop,AU,1233,142,91,56,0.44
2025-08-25,Direct,Mobile,DE,1172,107,80,37,0.48
2025-08-25,Direct,Desktop,CA,699,72,41,20,1.09
2025-08-26,Paid Search,Mobile,UK,1064,106,86,45,1.14
2025-08-26,Paid Search,Desktop,US,951,113,76,41,1.19
2025-08-26,Paid Social,Mobile,DE,909,75,59,34,1.25
2025-08-26,Paid Social,Desktop,AU,581,82,60,37,0.47
2025-08-26,Organic Search,Mobile,UK,895,75,47,27,0.63
2025-08-26,Organic Search,Desktop,AU,288,36,26,12,1.37
2025-08-26,Email,Mobile,US,924,115,84,40,0.76
2025-08-26,Email,Desktop,AU,1021,119,85,41,1.78
2025-08-26,Direct,Mobile,AU,602,49,36,25,0.91
2025-08-26,Direct,Desktop,AU,344,49,39,19,1.53
2025-08-27,Paid Search,Mobile,UK,886,64,52,24,1.32
2025-08-27,Paid Search,Desktop,DE,625,52,38,21,1.59
2025-08-27,Paid Social,Mobile,US,592,66,38,18,0.52
2025-08-27,Paid Social,Desktop,DE,516,42,28,13,1.53
2025-08-27,Organic Search,Mobile,DE,1182,142,87,50,0.85
2025-08-27,Organic Search,Desktop,US,512,62,49,31,0.4
2025-08-27,Email,Mobile,UK,684,82,66,32,1.89
2025-08-27,Email,Desktop,DE,938,119,87,40,0.94
2025-08-27,Direct,Mobile,DE,936,119,74,49,1.38
2025-08-27,Direct,Desktop,AU,786,110,69,41,1.75
2025-08-28,Paid Search,Mobile,DE,1008,129,82,58,0.53
2025-08-28,Paid Search,Desktop,AU,940,111,89,55,1.4
2025-08-28,Paid Social,Mobile,AU,882,89,60,28,0.92
2025-08-28,Paid Social,Desktop,UK,727,86,64,39,1.29
2025-08-28,Organic Search,Mobile,AU,669,68,52,24,1.35
2025-08-28,Organic Search,Desktop,AU,455,51,37,19,1.04
2025-08-28,Email,Mobile,US,1216,157,105,66,0.56
2025-08-28,Email,Desktop,US,958,80,55,32,0.42
2025-08-28,Direct,Mobile,AU,1136,81,66,31,0.6
2025-08-28,Direct,Desktop,DE,642,95,67,44,1.22
2025-08-29,Paid Search,Mobile,US,1066,104,61,41,1.21
2025-08-29,Paid Search,Desktop,UK,696,84,62,28,1.18
2025-08-29,Paid Social,Mobile,UK,701,85,48,31,1.78
2025-08-29,Paid Social,Desktop,DE,661,79,56,27,0.48
2025-08-29,Organic Search,Mobile,AU,1018,148,94,66,0.7
2025-08-29,Organic Search,Desktop,UK,632,61,39,27,0.85
2025-08-29,Email,Mobile,UK,548,65,45,30,1.15
2025-08-29,Email,Desktop,CA,304,45,28,15,1.54
2025-08-29,Direct,Mobile,AU,509,49,29,15,1.01
2025-08-29,Direct,Desktop,DE,514,43,25,15,1.38
2025-08-30,Paid Search,Mobile,DE,809,87,67,44,1.01
2025-08-30,Paid Search,Desktop,CA,555,48,36,18,1.86
2025-08-30,Paid Social,Mobile,US,994,114,75,52,0.57
2025-08-30,Paid Social,Desktop,US,1033,150,122,81,1.11
2025-08-30,Organic Search,Mobile,DE,919,127,77,41,0.69
2025-08-30,Organic Search,Desktop,DE,845,107,61,41,1.23
2025-08-30,Email,Mobile,CA,824,86,69,35,0.39
2025-08-30,Email,Desktop,AU,1031,135,90,51,0.57
2025-08-30,Direct,Mobile,CA,891,99,80,49,0.47
2025-08-30,Direct,Desktop,UK,847,126,88,47,1.49
2025-08-31,Paid Search,Mobile,CA,892,76,58,27,1.63
2025-08-31,Paid Search,Desktop,CA,972,145,101,47,0.95
2025-08-31,Paid Social,Mobile,US,996,133,74,52,0.44
2025-08-31,Paid Social,Desktop,US,705,76,45,27,1.17
2025-08-31,Organic Search,Mobile,DE,935,80,58,32,0.53
2025-08-31,Organic Search,Desktop,US,956,70,42,26,1.24
2025-08-31,Email,Mobile,UK,904,81,57,35,0.72
2025-08-31,Email,Desktop,US,677,87,55,30,0.65
2025-08-31,Direct,Mobile,US,1386,207,137,78,0.97
2025-08-31,Direct,Desktop,AU,600,48,28,18,0.41
2025-09-01,Paid Search,Mobile,DE,993,102,68,41,0.41
2025-09-01,Paid Search,Desktop,US,689,80,47,33,1.39
2025-09-01,Paid Social,Mobile,US,1376,172,120,83,1.63
2025-09-01,Paid Social,Desktop,UK,927,73,54,27,0.46
2025-09-01,Organic Search,Mobile,DE,867,110,89,42,1.56
2025-09-01,Organic Search,Desktop,DE,825,74,60,29,0.92
2025-09-01,Email,Mobile,US,1096,154,84,51,1.37
2025-09-01,Email,Desktop,CA,861,74,41,27,1.75
2025-09-01,Direct,Mobile,UK,848,91,50,28,1.66
2025-09-01,Direct,Desktop,CA,802,94,74,52,1.37
2025-09-02,Paid Search,Mobile,US,725,91,61,35,1.18
2025-09-02,Paid Search,Desktop,CA,561,79,46,21,1.76
2025-09-02,Paid Social,Mobile,CA,1030,122,91,52,0.53
2025-09-02,Paid Social,Desktop,DE,555,40,22,15,0.7
2025-09-02,Organic Search,Mobile,US,836,85,47,22,1.78
2025-09-02,Organic Search,Desktop,DE,922,73,57,30,1.4
2025-09-02,Email,Mobile,AU,1610,153,90,52,0.53
2025-09-02,Email,Desktop,DE,439,54,40,23,0.9
2025-09-02,Direct,Mobile,AU,430,38,27,15,1.93
2025-09-02,Direct,Desktop,DE,690,68,39,18,1.27
2025-09-03,Paid Search,Mobile,AU,1448,212,164,85,0.81
2025-09-03,Paid Search,Desktop,CA,774,61,40,25,1.44
2025-09-03,Paid Social,Mobile,CA,1105,83,50,25,1.11
2025-09-03,Paid Social,Desktop,UK,1070,104,85,45,1.6
2025-09-03,Organic Search,Mobile,CA,944,71,43,23,1.88
2025-09-03,Organic Search,Desktop,AU,642,95,62,42,0.82
2025-09-03,Email,Mobile,UK,494,38,24,17,0.95
2025-09-03,Email,Desktop,CA,606,69,39,20,0.94
2025-09-03,Direct,Mobile,AU,1083,76,42,20,0.54
2025-09-03,Direct,Desktop,CA,714,100,55,32,1.79
2025-09-04,Paid Search,Mobile,UK,581,57,45,29,1.43
2025-09-04,Paid Search,Desktop,AU,320,36,25,17,0.54
2025-09-04,Paid Social,Mobile,UK,1420,130,95,56,0.85
2025-09-04,Paid Social,Desktop,US,822,118,84,40,1.18
2025-09-04,Organic Search,Mobile,US,720,64,38,21,1.53
2025-09-04,Organic Search,Desktop,CA,409,56,39,20,0.42
2025-09-04,Email,Mobile,UK,503,40,30,16,0.38
2025-09-04,Email,Desktop,CA,1001,104,82,49,1.32
2025-09-04,Direct,Mobile,DE,1011,151,89,59,0.98
2025-09-04,Direct,Desktop,US,320,38,30,17,0.68
2025-09-05,Paid Search,Mobile,AU,679,71,57,37,1.57
2025-09-05,Paid Search,Desktop,UK,670,94,52,33,1.8
2025-09-05,Paid Social,Mobile,AU,427,37,23,15,0.64
2025-09-05,Paid Social,Desktop,AU,749,81,48,34,1.43
2025-09-05,Organic Search,Mobile,DE,980,90,62,42,0.91
2025-09-05,Organic Search,Desktop,DE,756,64,49,27,0.41
2025-09-05,Email,Mobile,UK,845,65,45,26,1.05
2025-09-05,Email,Desktop,DE,951,90,73,46,1.27
2025-09-05,Direct,Mobile,AU,618,91,62,43,1.63
2025-09-05,Direct,Desktop,CA,766,80,45,27,1.5
2025-09-06,Paid Search,Mobile,AU,931,108,64,29,1.0
2025-09-06,Paid Search,Desktop,AU,896,91,59,27,0.99
2025-09-06,Paid Social,Mobile,DE,492,41,30,15,0.43
2025-09-06,Paid Social,Desktop,AU,821,70,46,32,1.61
2025-09-06,Organic Search,Mobile,DE,1221,107,61,33,1.52
2025-09-06,Organic Search,Desktop,US,661,55,41,21,1.71
2025-09-06,Email,Mobile,US,1048,149,119,62,0.42
2025-09-06,Email,Desktop,UK,522,76,45,21,1.73
2025-09-06,Direct,Mobile,US,1318,94,62,32,1.36
2025-09-06,Direct,Desktop,AU,437,62,47,23,0.51
2025-09-07,Paid Search,Mobile,US,1185,94,59,27,0.89
2025-09-07,Paid Search,Desktop,AU,1134,92,53,29,1.49
2025-09-07,Paid Social,Mobile,US,894,70,54,33,0.48
2025-09-07,Paid Social,Desktop,CA,999,144,116,68,1.51
2025-09-07,Organic Search,Mobile,US,894,69,55,35,1.6
2025-09-07,Organic Search,Desktop,US,604,63,37,26,0.97
2025-09-07,Email,Mobile,DE,506,53,38,18,1.33
2025-09-07,Email,Desktop,US,379,30,18,10,1.32
2025-09-07,Direct,Mobile,UK,1124,89,55,25,1.5
2025-09-07,Direct,Desktop,UK,701,66,41,23,1.19
2025-09-08,Paid Search,Mobile,UK,962,108,76,44,1.49
2025-09-08,Paid Search,Desktop,DE,756,112,87,54,0.45
2025-09-08,Paid Social,Mobile,DE,799,117,90,60,1.94
2025-09-08,Paid Social,Desktop,US,844,67,36,19,1.32
2025-09-08,Organic Search,Mobile,CA,1309,185,125,69,0.43
2025-09-08,Organic Search,Desktop,AU,978,77,44,30,0.99
2025-09-08,Email,Mobile,DE,724,74,45,27,1.56
2025-09-08,Email,Desktop,AU,932,81,64,37,1.92
2025-09-08,Direct,Mobile,DE,1190,125,69,45,1.52
2025-09-08,Direct,Desktop,AU,811,78,44,22,1.29
2025-09-09,Paid Search,Mobile,UK,1159,145,115,66,0.55
2025-09-09,Paid Search,Desktop,DE,486,39,24,16,0.77
2025-09-09,Paid Social,Mobile,DE,999,123,70,40,0.99
2025-09-09,Paid Social,Desktop,CA,1092,127,87,55,1.81
2025-09-09,Organic Search,Mobile,DE,1115,90,70,42,1.29
2025-09-09,Organic Search,Desktop,US,840,76,52,33,1.88
2025-09-09,Email,Mobile,AU,1198,89,53,32,1.8
2025-09-09,Email,Desktop,US,594,58,33,19,0.65
2025-09-09,Direct,Mobile,DE,926,72,52,27,1.65
2025-09-09,Direct,Desktop,AU,920,119,68,36,1.67
2025-09-10,Paid Search,Mobile,AU,590,60,39,23,1.81
2025-09-10,Paid Search,Desktop,US,980,144,96,65,1.16
2025-09-10,Paid Social,Mobile,DE,1264,146,97,55,0.54
2025-09-10,Paid Social,Desktop,AU,573,64,51,29,1.25
2025-09-10,Organic Search,Mobile,CA,650,74,49,29,1.37
2025-09-10,Organic Search,Desktop,AU,249,29,17,8,1.01
2025-09-10,Email,Mobile,DE,1275,109,78,38,0.54
2025-09-10,Email,Desktop,CA,835,60,40,27,1.29
2025-09-10,Direct,Mobile,US,488,63,47,24,1.65
2025-09-10,Direct,Desktop,DE,1066,121,74,40,0.83
2025-09-11,Paid Search,Mobile,UK,388,35,19,11,1.4
2025-09-11,Paid Search,Desktop,US,862,92,71,42,1.1
2025-09-11,Paid Social,Mobile,CA,825,123,82,51,1.54
2025-09-11,Paid Social,Desktop,DE,710,86,49,24,0.93
2025-09-11,Organic Search,Mobile,DE,1030,103,82,51,0.86
2025-09-11,Organic Search,Desktop,UK,412,30,20,11,0.47
2025-09-11,Email,Mobile,UK,1091,148,84,59,0.4
2025-09-11,Email,Desktop,CA,921,101,56,38,1.28
2025-09-11,Direct,Mobile,AU,504,42,32,19,0.66
2025-09-11,Direct,Desktop,US,427,37,28,14,1.16
2025-09-12,Paid Search,Mobile,AU,1270,166,126,85,1.4
2025-09-12,Paid Search,Desktop,US,726,75,49,26,1.1
2025-09-12,Paid Social,Mobile,US,610,51,33,21,1.5
2025-09-12,Paid Social,Desktop,US,617,64,40,20,1.09
2025-09-12,Organic Search,Mobile,UK,743,73,54,25,0.8
2025-09-12,Organic Search,Desktop,DE,448,34,23,15,0.59
2025-09-12,Email,Mobile,CA,1390,113,63,31,1.64
2025-09-12,Email,Desktop,CA,750,87,62,30,0.86
2025-09-12,Direct,Mobile,US,1201,155,109,72,1.45
2025-09-12,Direct,Desktop,UK,667,66,51,26,0.49
2025-09-13,Paid Search,Mobile,US,1222,129,97,47,0.78
2025-09-13,Paid Search,Desktop,US,1048,108,87,61,1.91
2025-09-13,Paid Social,Mobile,CA,1072,121,77,54,1.72
2025-09-13,Paid Social,Desktop,US,930,114,73,42,1.65
2025-09-13,Organic Search,Mobile,AU,840,82,50,30,0.77
2025-09-13,Organic Search,Desktop,US,570,73,49,29,1.02
2025-09-13,Email,Mobile,DE,851,62,47,29,1.51
2025-09-13,Email,Desktop,AU,803,80,48,30,1.88
2025-09-13,Direct,Mobile,UK,995,96,76,49,1.07
2025-09-13,Direct,Desktop,UK,1141,149,103,64,1.75
2025-09-14,Paid Search,Mobile,UK,788,56,34,21,0.37
2025-09-14,Paid Search,Desktop,DE,661,47,35,23,0.81
2025-09-14,Paid Social,Mobile,DE,812,59,40,19,1.24
2025-09-14,Paid Social,Desktop,AU,482,65,40,26,0.76
2025-09-14,Organic Search,Mobile,US,526,73,52,24,0.88
2025-09-14,Organic Search,Desktop,DE,640,73,58,35,0.64
2025-09-14,Email,Mobile,UK,946,130,103,48,1.71
2025-09-14,Email,Desktop,US,627,77,61,28,1.62
2025-09-14,Direct,Mobile,DE,1081,121,70,45,0.67
2025-09-14,Direct,Desktop,DE,699,59,43,30,1.67
2025-09-15,Paid Search,Mobile,AU,1081,101,66,45,1.45
2025-09-15,Paid Search,Desktop,DE,807,88,67,32,0.64
2025-09-15,Paid Social,Mobile,CA,348,32,19,11,0.92
2025-09-15,Paid Social,Desktop,AU,903,114,82,41,1.25
2025-09-15,Organic Search,Mobile,UK,1390,134,108,76,0.85
2025-09-15,Organic Search,Desktop,US,775,84,49,31,0.61
2025-09-15,Email,Mobile,UK,760,65,40,18,0.64
2025-09-15,Email,Desktop,AU,558,82,46,31,0.78
2025-09-15,Direct,Mobile,DE,1129,137,111,76,1.76
2025-09-15,Direct,Desktop,DE,458,67,38,24,0.37
2025-09-16,Paid Search,Mobile,US,969,77,58,28,1.38
2025-09-16,Paid Search,Desktop,AU,1004,84,64,35,0.76
2025-09-16,Paid Social,Mobile,DE,690,52,40,27,0.38
2025-09-16,Paid Social,Desktop,UK,664,67,43,23,1.35
2025-09-16,Organic Search,Mobile,DE,856,119,76,42,0.88
2025-09-16,Organic Search,Desktop,UK,572,49,29,14,1.66
2025-09-16,Email,Mobile,UK,670,79,56,29,1.43
2025-09-16,Email,Desktop,CA,640,67,54,29,1.7
2025-09-16,Direct,Mobile,AU,551,50,28,14,0.39
2025-09-16,Direct,Desktop,CA,923,77,47,28,1.93
2025-09-17,Paid Search,Mobile,CA,791,56,36,16,1.86
2025-09-17,Paid Search,Desktop,AU,808,119,81,40,1.74
2025-09-17,Paid Social,Mobile,CA,472,40,30,14,1.62
2025-09-17,Paid Social,Desktop,DE,875,80,48,30,0.93
2025-09-17,Organic Search,Mobile,UK,956,121,83,45,0.85
2025-09-17,Organic Search,Desktop,UK,614,52,29,20,0.35
2025-09-17,Email,Mobile,UK,727,88,51,34,1.57
2025-09-17,Email,Desktop,AU,933,136,95,54,1.23
2025-09-17,Direct,Mobile,DE,855,74,53,32,1.9
2025-09-17,Direct,Desktop,CA,877,90,60,35,1.11
2025-09-18,Paid Search,Mobile,US,662,62,40,25,0.57
2025-09-18,Paid Search,Desktop,DE,612,59,41,28,1.75
2025-09-18,Paid Social,Mobile,US,670,56,31,19,1.93
2025-09-18,Paid Social,Desktop,AU,789,108,73,45,0.56
2025-09-18,Organic Search,Mobile,US,937,78,50,27,0.59
2025-09-18,Organic Search,Desktop,US,482,55,35,19,1.41
2025-09-18,Email,Mobile,US,1210,160,129,66,0.38
2025-09-18,Email,Desktop,CA,676,74,40,22,1.38
2025-09-18,Direct,Mobile,UK,736,66,40,22,1.16
2025-09-18,Direct,Desktop,UK,697,92,52,30,1.52
2025-09-19,Paid Search,Mobile,US,693,94,67,39,0.9
2025-09-19,Paid Search,Desktop,CA,753,108,78,46,1.7
2025-09-19,Paid Social,Mobile,US,1359,195,158,99,1.94
2025-09-19,Paid Social,Desktop,DE,636,59,39,18,1.55
2025-09-19,Organic Search,Mobile,US,402,36,29,17,0.5
2025-09-19,Organic Search,Desktop,UK,781,108,76,53,0.56
2025-09-19,Email,Mobile,US,1237,96,70,43,0.44
2025-09-19,Email,Desktop,AU,817,84,62,44,0.91
2025-09-19,Direct,Mobile,CA,959,100,74,50,1.79
2025-09-19,Direct,Desktop,US,363,50,35,19,1.75
2025-09-20,Paid Search,Mobile,UK,1016,97,65,35,1.64
2025-09-20,Paid Search,Desktop,UK,516,67,50,25,1.76
2025-09-20,Paid Social,Mobile,UK,614,62,36,17,1.5
2025-09-20,Paid Social,Desktop,UK,1019,117,66,39,0.7
2025-09-20,Organic Search,Mobile,AU,722,51,35,22,1.14
2025-09-20,Organic Search,Desktop,DE,281,24,16,11,1.31
2025-09-20,Email,Mobile,DE,927,95,76,36,1.13
2025-09-20,Email,Desktop,UK,675,76,59,28,1.39
2025-09-20,Direct,Mobile,UK,1353,133,81,56,0.55
2025-09-20,Direct,Desktop,DE,496,46,31,16,0.55
2025-09-21,Paid Search,Mobile,US,578,44,33,19,1.75
2025-09-21,Paid Search,Desktop,AU,934,79,54,38,0.6
2025-09-21,Paid Social,Mobile,AU,382,55,33,23,1.47
2025-09-21,Paid Social,Desktop,CA,575,50,40,25,1.22
2025-09-21,Organic Search,Mobile,DE,1301,109,84,51,1.76
2025-09-21,Organic Search,Desktop,US,823,122,72,51,1.84
2025-09-21,Email,Mobile,US,697,55,37,21,1.9
2025-09-21,Email,Desktop,AU,904,84,47,32,1.39
2025-09-21,Direct,Mobile,UK,651,95,73,44,0.83
2025-09-21,Direct,Desktop,UK,592,56,32,20,1.82
2025-09-22,Paid Search,Mobile,US,699,82,66,43,1.31
2025-09-22,Paid Search,Desktop,CA,362,50,30,17,1.03
2025-09-22,Paid Social,Mobile,UK,702,100,81,54,0.55
2025-09-22,Paid Social,Desktop,AU,1027,143,85,53,1.54
2025-09-22,Organic Search,Mobile,CA,1066,86,59,39,0.86
2025-09-22,Organic Search,Desktop,DE,852,108,84,54,0.37
2025-09-22,Email,Mobile,DE,1579,207,117,79,0.66
2025-09-22,Email,Desktop,UK,951,101,81,42,0.42
2025-09-22,Direct,Mobile,AU,766,67,53,35,1.77
2025-09-22,Direct,Desktop,US,536,65,45,29,1.25
2025-09-23,Paid Search,Mobile,UK,869,105,61,41,0.53
2025-09-23,Paid Search,Desktop,US,909,73,55,32,1.2
2025-09-23,Paid Social,Mobile,AU,788,66,45,28,0.95
2025-09-23,Paid Social,Desktop,CA,630,89,71,43,0.54
2025-09-23,Organic Search,Mobile,US,1032,103,60,31,1.04
2025-09-23,Organic Search,Desktop,AU,964,102,75,47,0.79
2025-09-23,Email,Mobile,CA,1241,175,110,57,1.48
2025-09-23,Email,Desktop,DE,232,26,20,11,1.85
2025-09-23,Direct,Mobile,CA,1244,129,85,59,1.11
2025-09-23,Direct,Desktop,DE,1061,142,108,51,1.18
2025-09-24,Paid Search,Mobile,CA,933,104,69,41,1.84
2025-09-24,Paid Search,Desktop,DE,633,65,38,19,0.37
2025-09-24,Paid Social,Mobile,AU,1054,116,65,43,0.73
2025-09-24,Paid Social,Desktop,AU,1116,85,48,32,1.61
2025-09-24,Organic Search,Mobile,CA,826,85,47,26,1.04
2025-09-24,Organic Search,Desktop,AU,437,46,28,13,0.95
2025-09-24,Email,Mobile,DE,1381,132,73,34,0.77
2025-09-24,Email,Desktop,US,765,101,77,45,1.43
2025-09-24,Direct,Mobile,UK,1288,144,91,51,0.56
2025-09-24,Direct,Desktop,UK,491,37,28,13,1.03
2025-09-25,Paid Search,Mobile,UK,694,65,46,28,1.87
2025-09-25,Paid Search,Desktop,AU,885,99,62,43,0.57
2025-09-25,Paid Social,Mobile,DE,484,34,18,11,0.65
2025-09-25,Paid Social,Desktop,US,964,121,74,36,1.56
2025-09-25,Organic Search,Mobile,US,1123,88,68,46,1.35
2025-09-25,Organic Search,Desktop,US,260,19,12,8,0.79
2025-09-25,Email,Mobile,US,1090,160,128,60,1.0
2025-09-25,Email,Desktop,CA,897,101,55,39,0.57
2025-09-25,Direct,Mobile,CA,1235,99,66,32,0.54
2025-09-25,Direct,Desktop,DE,184,25,17,11,1.39
2025-09-26,Paid Search,Mobile,CA,1098,145,118,55,1.87
2025-09-26,Paid Search,Desktop,AU,405,44,27,17,0.97
2025-09-26,Paid Social,Mobile,CA,1126,131,107,55,1.62
2025-09-26,Paid Social,Desktop,DE,745,84,58,30,1.78
2025-09-26,Organic Search,Mobile,US,675,87,58,29,1.48
2025-09-26,Organic Search,Desktop,AU,960,134,75,51,1.04
2025-09-26,Email,Mobile,UK,1009,114,69,41,1.14
2025-09-26,Email,Desktop,CA,587,82,56,39,1.2
2025-09-26,Direct,Mobile,US,665,64,38,25,1.29
2025-09-26,Direct,Desktop,CA,608,54,32,17,0.78
2025-09-27,Paid Search,Mobile,AU,624,73,44,30,0.57
2025-09-27,Paid Search,Desktop,AU,630,50,32,15,1.52
2025-09-27,Paid Social,Mobile,DE,1113,105,74,36,0.66
2025-09-27,Paid Social,Desktop,AU,608,73,58,36,1.87
2025-09-27,Organic Search,Mobile,AU,731,91,59,36,1.87
2025-09-27,Organic Search,Desktop,UK,695,97,60,28,1.8
2025-09-27,Email,Mobile,US,971,109,75,49,0.36
2025-09-27,Email,Desktop,AU,373,52,31,21,0.67
2025-09-27,Direct,Mobile,DE,1076,104,66,47,1.41
2025-09-27,Direct,Desktop,UK,376,40,23,15,0.66
2025-09-28,Paid Search,Mobile,UK,1154,92,63,41,1.47
2025-09-28,Paid Search,Desktop,CA,1016,122,90,56,1.88
2025-09-28,Paid Social,Mobile,UK,1011,100,67,31,1.6
2025-09-28,Paid Social,Desktop,CA,579,54,39,27,0.7
2025-09-28,Organic Search,Mobile,CA,834,107,75,49,1.65
2025-09-28,Organic Search,Desktop,AU,846,112,78,43,1.46
2025-09-28,Email,Mobile,AU,1098,102,79,51,1.89
2025-09-28,Email,Desktop,US,261,30,16,10,0.73
2025-09-28,Direct,Mobile,AU,1049,88,68,48,1.49
2025-09-28,Direct,Desktop,AU,484,69,46,30,0.45
2025-09-29,Paid Search,Mobile,US,989,82,55,29,0.36
2025-09-29,Paid Search,Desktop,US,691,63,49,22,0.69
2025-09-29,Paid Social,Mobile,AU,542,75,60,28,0.67
2025-09-29,Paid Social,Desktop,US,524,39,30,15,1.78
2025-09-29,Organic Search,Mobile,US,1200,115,93,49,1.51
2025-09-29,Organic Search,Desktop,AU,563,55,30,14,0.75
2025-09-29,Email,Mobile,DE,721,57,32,18,1.62
2025-09-29,Email,Desktop,US,702,62,44,27,1.61
2025-09-29,Direct,Mobile,AU,851,92,66,32,1.63
2025-09-29,Direct,Desktop,US,599,45,33,21,1.27
2025-09-30,Paid Search,Mobile,US,993,103,78,40,1.25
2025-09-30,Paid Search,Desktop,CA,978,145,81,56,0.98
2025-09-30,Paid Social,Mobile,AU,977,108,69,45,0.49
2025-09-30,Paid Social,Desktop,CA,747,84,60,41,0.36
2025-09-30,Organic Search,Mobile,UK,914,78,49,27,1.59
2025-09-30,Organic Search,Desktop,CA,642,76,59,33,0.53
2025-09-30,Email,Mobile,DE,1029,87,70,32,1.82
2025-09-30,Email,Desktop,DE,891,88,65,37,1.79
2025-09-30,Direct,Mobile,US,1137,98,78,49,1.02
2025-09-30,Direct,Desktop,UK,790,115,75,46,0.45
2025-10-01,Paid Search,Mobile,DE,907,116,78,38,1.22
2025-10-01,Paid Search,Desktop,AU,733,107,70,44,1.26
2025-10-01,Paid Social,Mobile,AU,816,74,53,25,0.71
2025-10-01,Paid Social,Desktop,DE,471,60,37,17,0.73
2025-10-01,Organic Search,Mobile,DE,1467,165,112,71,1.81
2025-10-01,Organic Search,Desktop,CA,531,58,43,30,1.41
2025-10-01,Email,Mobile,CA,1226,108,79,51,0.75
2025-10-01,Email,Desktop,AU,458,61,34,17,0.39
2025-10-01,Direct,Mobile,AU,814,111,85,39,1.85
2025-10-01,Direct,Desktop,AU,743,83,58,29,1.13
2025-10-02,Paid Search,Mobile,US,645,95,53,26,0.55
2025-10-02,Paid Search,Desktop,CA,844,114,74,50,1.0
2025-10-02,Paid Social,Mobile,DE,598,50,30,19,1.05
2025-10-02,Paid Social,Desktop,US,670,64,46,32,0.86
2025-10-02,Organic Search,Mobile,US,975,131,90,45,1.94
2025-10-02,Organic Search,Desktop,UK,1081,95,60,42,1.91
2025-10-02,Email,Mobile,UK,823,117,77,40,1.81
2025-10-02,Email,Desktop,US,645,50,27,15,0.92
2025-10-02,Direct,Mobile,US,985,96,62,37,1.47
2025-10-02,Direct,Desktop,DE,676,48,33,22,1.42
2025-10-03,Paid Search,Mobile,UK,630,92,72,34,1.58
2025-10-03,Paid Search,Desktop,AU,741,68,40,27,0.4
2025-10-03,Paid Social,Mobile,US,441,63,40,23,0.68
2025-10-03,Paid Social,Desktop,AU,585,79,44,20,1.75
2025-10-03,Organic Search,Mobile,CA,1317,157,99,61,0.51
2025-10-03,Organic Search,Desktop,DE,777,91,50,31,1.78
2025-10-03,Email,Mobile,UK,736,108,72,43,1.46
2025-10-03,Email,Desktop,CA,576,64,43,25,0.61
2025-10-03,Direct,Mobile,DE,735,97,56,35,1.38
2025-10-03,Direct,Desktop,DE,927,98,57,39,1.48
2025-10-04,Paid Search,Mobile,DE,558,83,48,29,0.49
2025-10-04,Paid Search,Desktop,CA,929,67,49,29,1.31
2025-10-04,Paid Social,Mobile,AU,955,92,72,38,1.1
2025-10-04,Paid Social,Desktop,UK,758,57,34,20,1.16
2025-10-04,Organic Search,Mobile,CA,961,86,63,33,0.49
2025-10-04,Organic Search,Desktop,CA,883,128,77,49,1.42
2025-10-04,Email,Mobile,CA,1156,127,92,45,0.99
2025-10-04,Email,Desktop,UK,745,61,45,21,1.73
2025-10-04,Direct,Mobile,AU,1001,81,57,31,1.44
2025-10-04,Direct,Desktop,AU,417,59,35,19,0.47
2025-10-05,Paid Search,Mobile,US,572,54,38,20,0.36
2025-10-05,Paid Search,Desktop,US,773,59,38,24,1.55
2025-10-05,Paid Social,Mobile,DE,1052,141,96,58,1.76
2025-10-05,Paid Social,Desktop,DE,822,62,48,23,1.57
2025-10-05,Organic Search,Mobile,AU,960,131,104,56,0.96
2025-10-05,Organic Search,Desktop,UK,1111,81,65,41,1.61
2025-10-05,Email,Mobile,US,780,97,65,44,1.44
2025-10-05,Email,Desktop,DE,543,51,38,27,1.26
2025-10-05,Direct,Mobile,US,1198,108,67,39,1.73
2025-10-05,Direct,Desktop,DE,791,82,45,31,1.9
2025-10-06,Paid Search,Mobile,CA,1214,146,92,49,0.91
2025-10-06,Paid Search,Desktop,US,657,56,39,22,1.7
2025-10-06,Paid Social,Mobile,CA,1077,149,121,69,0.91
2025-10-06,Paid Social,Desktop,US,354,32,18,11,1.64
2025-10-06,Organic Search,Mobile,UK,951,82,66,42,0.96
2025-10-06,Organic Search,Desktop,AU,444,38,22,14,1.43
2025-10-06,Email,Mobile,AU,794,60,35,22,1.45
2025-10-06,Email,Desktop,CA,660,48,36,18,1.62
2025-10-06,Direct,Mobile,UK,931,74,46,25,0.99
2025-10-06,Direct,Desktop,CA,1056,92,52,36,1.31
2025-10-07,Paid Search,Mobile,UK,767,108,67,33,1.6
2025-10-07,Paid Search,Desktop,AU,879,114,89,59,0.67
2025-10-07,Paid Social,Mobile,CA,332,26,16,11,0.59
2025-10-07,Paid Social,Desktop,DE,831,122,91,62,1.4
2025-10-07,Organic Search,Mobile,DE,1284,129,82,41,1.68
2025-10-07,Organic Search,Desktop,AU,806,120,72,39,1.69
2025-10-07,Email,Mobile,CA,1013,72,41,25,1.48
2025-10-07,Email,Desktop,CA,792,83,67,45,0.46
2025-10-07,Direct,Mobile,AU,694,75,46,29,1.77
2025-10-07,Direct,Desktop,DE,547,65,40,28,1.34
2025-10-08,Paid Search,Mobile,CA,920,97,72,42,0.37
2025-10-08,Paid Search,Desktop,CA,809,68,45,23,1.88
2025-10-08,Paid Social,Mobile,CA,735,81,55,29,1.21
2025-10-08,Paid Social,Desktop,UK,613,43,26,12,1.25
2025-10-08,Organic Search,Mobile,UK,1031,97,74,39,1.62
2025-10-08,Organic Search,Desktop,CA,355,48,39,19,1.47
2025-10-08,Email,Mobile,US,1177,112,84,49,1.55
2025-10-08,Email,Desktop,AU,725,69,43,29,1.95
2025-10-08,Direct,Mobile,UK,1019,107,79,36,0.72
2025-10-08,Direct,Desktop,DE,801,112,84,45,1.37
2025-10-09,Paid Search,Mobile,AU,731,68,44,27,1.87
2025-10-09,Paid Search,Desktop,DE,854,83,64,44,1.57
2025-10-09,Paid Social,Mobile,CA,920,119,79,48,0.37
2025-10-09,Paid Social,Desktop,AU,768,88,48,28,0.67
2025-10-09,Organic Search,Mobile,DE,1162,93,52,34,1.75
2025-10-09,Organic Search,Desktop,AU,886,90,62,36,0.98
2025-10-09,Email,Mobile,AU,1327,198,136,94,1.07
2025-10-09,Email,Desktop,CA,721,72,51,25,1.94
2025-10-09,Direct,Mobile,US,1175,163,113,60,0.95
2025-10-09,Direct,Desktop,AU,760,56,32,14,1.47
2025-10-10,Paid Search,Mobile,CA,584,67,44,23,1.41
2025-10-10,Paid Search,Desktop,DE,483,56,41,29,0.82
2025-10-10,Paid Social,Mobile,UK,947,107,73,37,1.35
2025-10-10,Paid Social,Desktop,UK,841,59,43,23,0.91
2025-10-10,Organic Search,Mobile,CA,823,104,70,42,0.47
2025-10-10,Organic Search,Desktop,AU,657,89,59,39,1.86
2025-10-10,Email,Mobile,AU,1004,106,62,43,0.79
2025-10-10,Email,Desktop,CA,502,69,43,25,1.17
2025-10-10,Direct,Mobile,AU,1192,133,74,49,1.8
2025-10-10,Direct,Desktop,AU,568,44,26,14,0.73
2025-10-11,Paid Search,Mobile,CA,903,106,76,36,0.57
2025-10-11,Paid Search,Desktop,AU,846,124,71,35,0.38
2025-10-11,Paid Social,Mobile,CA,573,40,30,19,0.89
2025-10-11,Paid Social,Desktop,US,1309,103,79,51,1.7
2025-10-11,Organic Search,Mobile,AU,1249,149,116,58,1.68
2025-10-11,Organic Search,Desktop,DE,565,52,37,26,0.62
2025-10-11,Email,Mobile,CA,964,110,76,47,0.68
2025-10-11,Email,Desktop,US,623,88,59,39,1.16
2025-10-11,Direct,Mobile,DE,912,82,51,34,0.4
2025-10-11,Direct,Desktop,US,998,135,82,41,0.65
2025-10-12,Paid Search,Mobile,AU,836,75,59,38,1.37
2025-10-12,Paid Search,Desktop,UK,814,107,63,32,1.19
2025-10-12,Paid Social,Mobile,CA,406,36,20,11,1.76
2025-10-12,Paid Social,Desktop,CA,1034,124,99,46,0.83
2025-10-12,Organic Search,Mobile,US,1236,142,80,49,0.75
2025-10-12,Organic Search,Desktop,DE,762,70,56,27,1.91
2025-10-12,Email,Mobile,AU,516,77,56,29,1.02
2025-10-12,Email,Desktop,DE,920,135,99,49,1.01
2025-10-12,Direct,Mobile,US,1059,134,94,61,1.58
2025-10-12,Direct,Desktop,UK,954,79,59,32,1.82
2025-10-13,Paid Search,Mobile,US,938,105,66,33,0.52
2025-10-13,Paid Search,Desktop,US,883,62,35,24,0.48
2025-10-13,Paid Social,Mobile,UK,688,90,69,44,1.28
2025-10-13,Paid Social,Desktop,US,457,37,29,19,0.48
2025-10-13,Organic Search,Mobile,AU,1254,186,118,60,0.55
2025-10-13,Organic Search,Desktop,US,781,105,83,48,1.01
2025-10-13,Email,Mobile,DE,913,101,55,31,1.14
2025-10-13,Email,Desktop,DE,737,66,51,23,1.46
2025-10-13,Direct,Mobile,AU,767,77,53,32,1.82
2025-10-13,Direct,Desktop,DE,1019,107,68,37,1.28
2025-10-14,Paid Search,Mobile,US,1059,125,82,49,1.28
2025-10-14,Paid Search,Desktop,DE,818,99,80,56,1.71
2025-10-14,Paid Social,Mobile,AU,942,69,52,27,0.71
2025-10-14,Paid Social,Desktop,US,921,73,43,23,1.93
2025-10-14,Organic Search,Mobile,UK,979,126,100,71,1.65
2025-10-14,Organic Search,Desktop,US,1067,108,80,39,0.4
2025-10-14,Email,Mobile,AU,1105,101,66,47,0.97
2025-10-14,Email,Desktop,CA,686,71,43,22,1.88
2025-10-14,Direct,Mobile,DE,725,52,37,18,1.94
2025-10-14,Direct,Desktop,CA,557,58,36,19,1.52
2025-10-15,Paid Search,Mobile,UK,949,72,51,27,1.06
2025-10-15,Paid Search,Desktop,DE,339,24,13,5,1.6
2025-10-15,Paid Social,Mobile,US,1151,117,66,37,1.46
2025-10-15,Paid Social,Desktop,AU,1115,97,58,36,1.86
2025-10-15,Organic Search,Mobile,CA,823,88,71,37,1.18
2025-10-15,Organic Search,Desktop,UK,798,62,49,26,1.05
2025-10-15,Email,Mobile,AU,1034,117,94,50,1.38
2025-10-15,Email,Desktop,UK,849,71,52,36,0.87
2025-10-15,Direct,Mobile,CA,768,107,80,54,1.76
2025-10-15,Direct,Desktop,CA,701,60,36,18,0.77
2025-10-16,Paid Search,Mobile,AU,632,86,67,39,1.07
2025-10-16,Paid Search,Desktop,DE,513,37,29,18,0.87
2025-10-16,Paid Social,Mobile,CA,1143,119,68,44,1.09
2025-10-16,Paid Social,Desktop,US,858,111,90,61,0.67
2025-10-16,Organic Search,Mobile,AU,947,84,46,25,0.59
2025-10-16,Organic Search,Desktop,US,441,55,44,29,0.65
2025-10-16,Email,Mobile,CA,923,132,87,46,1.23
2025-10-16,Email,Desktop,US,666,93,69,41,0.85
2025-10-16,Direct,Mobile,UK,528,71,44,20,0.57
2025-10-16,Direct,Desktop,AU,898,99,80,46,1.63
2025-10-17,Paid Search,Mobile,UK,735,108,70,42,0.72
2025-10-17,Paid Search,Desktop,CA,692,63,41,24,0.53
2025-10-17,Paid Social,Mobile,AU,601,61,44,21,1.24
2025-10-17,Paid Social,Desktop,AU,973,77,58,29,1.88
2025-10-17,Organic Search,Mobile,CA,120,13,9,6,0.77
2025-10-17,Organic Search,Desktop,CA,780,111,83,55,1.54
2025-10-17,Email,Mobile,UK,847,120,97,48,1.79
2025-10-17,Email,Desktop,DE,409,29,17,11,0.7
2025-10-17,Direct,Mobile,DE,610,84,54,38,1.08
2025-10-17,Direct,Desktop,US,778,62,39,23,1.17
2025-10-18,Paid Search,Mobile,DE,910,122,79,50,0.87
2025-10-18,Paid Search,Desktop,UK,1055,129,95,60,0.75
2025-10-18,Paid Social,Mobile,AU,928,73,43,23,1.14
2025-10-18,Paid Social,Desktop,DE,875,69,45,21,1.27
2025-10-18,Organic Search,Mobile,DE,976,103,66,31,0.49
2025-10-18,Organic Search,Desktop,UK,831,87,48,32,1.91
2025-10-18,Email,Mobile,US,919,129,74,47,1.8
2025-10-18,Email,Desktop,DE,655,50,34,16,1.76
2025-10-18,Direct,Mobile,AU,779,60,41,29,1.4
2025-10-18,Direct,Desktop,UK,788,104,68,33,1.14
2025-10-19,Paid Search,Mobile,US,1331,136,108,76,0.47
2025-10-19,Paid Search,Desktop,UK,666,70,48,30,1.89
2025-10-19,Paid Social,Mobile,UK,948,87,55,27,1.87
2025-10-19,Paid Social,Desktop,US,914,118,93,46,0.73
2025-10-19,Organic Search,Mobile,AU,862,106,80,51,0.72
2025-10-19,Organic Search,Desktop,DE,613,52,29,20,0.4
2025-10-19,Email,Mobile,CA,659,71,44,20,0.98
2025-10-19,Email,Desktop,US,999,106,69,44,0.82
2025-10-19,Direct,Mobile,US,357,26,19,12,1.88
2025-10-19,Direct,Desktop,CA,708,56,35,19,0.39
2025-10-20,Paid Search,Mobile,DE,537,38,23,12,1.69
2025-10-20,Paid Search,Desktop,AU,1113,143,88,49,0.61
2025-10-20,Paid Social,Mobile,AU,990,125,76,39,1.06
2025-10-20,Paid Social,Desktop,CA,729,60,35,25,0.96
2025-10-20,Organic Search,Mobile,UK,1098,146,82,48,0.67
2025-10-20,Organic Search,Desktop,CA,692,53,36,17,0.98
2025-10-20,Email,Mobile,UK,580,51,41,24,1.0
2025-10-20,Email,Desktop,DE,725,89,58,38,0.8
2025-10-20,Direct,Mobile,UK,516,74,41,24,1.25
2025-10-20,Direct,Desktop,UK,796,65,46,28,0.74
2025-10-21,Paid Search,Mobile,US,1001,134,81,44,0.5
2025-10-21,Paid Search,Desktop,AU,1043,97,59,39,1.13
2025-10-21,Paid Social,Mobile,DE,933,123,78,48,1.26
2025-10-21,Paid Social,Desktop,CA,1019,135,103,64,1.6
2025-10-21,Organic Search,Mobile,US,724,83,48,22,0.64
2025-10-21,Organic Search,Desktop,DE,125,17,12,6,1.24
2025-10-21,Email,Mobile,DE,816,71,42,29,1.93
2025-10-21,Email,Desktop,US,263,25,15,10,0.98
2025-10-21,Direct,Mobile,CA,793,104,64,34,1.39
2025-10-21,Direct,Desktop,UK,559,48,33,16,0.76
2025-10-22,Paid Search,Mobile,AU,1099,117,94,60,0.54
2025-10-22,Paid Search,Desktop,UK,893,120,70,40,1.55
2025-10-22,Paid Social,Mobile,UK,909,71,42,28,1.49
2025-10-22,Paid Social,Desktop,UK,968,122,88,60,1.24
2025-10-22,Organic Search,Mobile,AU,918,93,61,38,1.13
2025-10-22,Organic Search,Desktop,AU,922,88,52,32,0.36
2025-10-22,Email,Mobile,US,1081,103,56,28,0.41
2025-10-22,Email,Desktop,DE,769,85,50,32,0.65
2025-10-22,Direct,Mobile,CA,738,72,48,22,1.33
2025-10-22,Direct,Desktop,AU,595,53,42,26,0.42
2025-10-23,Paid Search,Mobile,CA,1247,146,110,62,0.55
2025-10-23,Paid Search,Desktop,CA,482,66,51,28,0.89
2025-10-23,Paid Social,Mobile,AU,956,76,51,24,1.76
2025-10-23,Paid Social,Desktop,AU,603,56,39,27,1.29
2025-10-23,Organic Search,Mobile,UK,971,135,80,45,1.82
2025-10-23,Organic Search,Desktop,AU,746,76,55,30,1.17
2025-10-23,Email,Mobile,US,878,125,88,60,0.95
2025-10-23,Email,Desktop,DE,1007,117,80,36,1.29
2025-10-23,Direct,Mobile,US,1122,156,99,49,1.4
2025-10-23,Direct,Desktop,DE,849,126,87,45,1.15
2025-10-24,Paid Search,Mobile,DE,799,84,62,44,0.91
2025-10-24,Paid Search,Desktop,AU,728,64,41,26,1.75
2025-10-24,Paid Social,Mobile,US,818,112,73,45,1.61
2025-10-24,Paid Social,Desktop,CA,501,47,29,18,0.74
2025-10-24,Organic Search,Mobile,CA,840,78,60,39,0.97
2025-10-24,Organic Search,Desktop,AU,869,93,65,44,0.4
2025-10-24,Email,Mobile,US,823,66,45,26,0.74
2025-10-24,Email,Desktop,CA,1036,154,90,42,1.89
2025-10-24,Direct,Mobile,DE,517,44,32,17,0.52
2025-10-24,Direct,Desktop,DE,380,31,25,12,0.78
2025-10-25,Paid Search,Mobile,CA,986,130,92,64,0.77
2025-10-25,Paid Search,Desktop,UK,817,76,46,32,0.82
2025-10-25,Paid Social,Mobile,DE,747,72,47,32,0.91
2025-10-25,Paid Social,Desktop,DE,760,66,38,21,1.7
2025-10-25,Organic Search,Mobile,DE,1088,106,85,57,0.98
2025-10-25,Organic Search,Desktop,AU,863,97,55,26,0.41
2025-10-25,Email,Mobile,AU,1302,148,111,52,1.89
2025-10-25,Email,Desktop,DE,509,61,42,26,1.37
2025-10-25,Direct,Mobile,UK,570,56,40,20,0.6
2025-10-25,Direct,Desktop,UK,993,120,75,53,1.0
2025-10-26,Paid Search,Mobile,CA,833,120,67,33,0.67
2025-10-26,Paid Search,Desktop,AU,935,74,51,34,1.67
2025-10-26,Paid Social,Mobile,UK,1221,177,125,83,1.86
2025-10-26,Paid Social,Desktop,US,457,58,44,30,0.89
2025-10-26,Organic Search,Mobile,DE,867,66,43,26,1.87
2025-10-26,Organic Search,Desktop,CA,369,34,22,13,1.89
2025-10-26,Email,Mobile,US,875,88,61,33,1.58
2025-10-26,Email,Desktop,CA,607,88,61,34,1.0
2025-10-26,Direct,Mobile,US,946,86,61,41,1.91
2025-10-26,Direct,Desktop,CA,1047,136,111,72,1.06
2025-10-27,Paid Search,Mobile,DE,823,62,46,26,0.95
2025-10-27,Paid Search,Desktop,US,837,114,78,39,0.86
2025-10-27,Paid Social,Mobile,DE,438,40,23,12,1.37
2025-10-27,Paid Social,Desktop,DE,585,41,33,22,1.53
2025-10-27,Organic Search,Mobile,US,1137,169,135,92,0.66
2025-10-27,Organic Search,Desktop,CA,493,35,22,11,0.49
2025-10-27,Email,Mobile,DE,493,50,38,20,1.81
2025-10-27,Email,Desktop,US,375,34,20,12,1.03
2025-10-27,Direct,Mobile,AU,667,77,54,35,0.63
2025-10-27,Direct,Desktop,AU,762,70,44,23,1.03
2025-10-28,Paid Search,Mobile,AU,693,57,34,17,1.76
2025-10-28,Paid Search,Desktop,UK,1073,101,56,39,1.79
2025-10-28,Paid Social,Mobile,AU,1336,179,146,75,0.51
2025-10-28,Paid Social,Desktop,CA,494,38,28,18,0.62
2025-10-28,Organic Search,Mobile,CA,562,77,44,30,1.66
2025-10-28,Organic Search,Desktop,US,710,88,60,35,1.68
2025-10-28,Email,Mobile,DE,1118,107,60,34,1.46
2025-10-28,Email,Desktop,DE,326,27,21,11,0.82
2025-10-28,Direct,Mobile,UK,702,67,52,30,0.69
2025-10-28,Direct,Desktop,DE,844,114,84,54,0.89
2025-10-29,Paid Search,Mobile,UK,813,108,69,39,0.64
2025-10-29,Paid Search,Desktop,UK,1218,169,131,61,0.87
2025-10-29,Paid Social,Mobile,CA,838,115,69,38,1.07
2025-10-29,Paid Social,Desktop,CA,1098,124,95,54,1.34
2025-10-29,Organic Search,Mobile,AU,1067,110,76,51,1.93
2025-10-29,Organic Search,Desktop,AU,449,37,24,16,1.54
2025-10-29,Email,Mobile,CA,671,67,43,20,1.25
2025-10-29,Email,Desktop,CA,650,55,42,25,1.66
2025-10-29,Direct,Mobile,UK,1010,116,89,48,1.01
2025-10-29,Direct,Desktop,CA,1132,106,64,36,1.66
2025-10-30,Paid Search,Mobile,US,1151,116,67,32,1.86
2025-10-30,Paid Search,Desktop,US,906,120,71,35,1.71
2025-10-30,Paid Social,Mobile,US,936,76,59,42,0.76
2025-10-30,Paid Social,Desktop,AU,698,50,37,25,0.63
2025-10-30,Organic Search,Mobile,US,619,88,61,28,1.44
2025-10-30,Organic Search,Desktop,UK,483,55,41,18,0.41
2025-10-30,Email,Mobile,UK,898,129,77,49,1.91
2025-10-30,Email,Desktop,UK,1024,95,73,50,0.56
2025-10-30,Direct,Mobile,CA,757,86,70,49,1.93
2025-10-30,Direct,Desktop,AU,813,119,76,47,0.83
2025-10-31,Paid Search,Mobile,UK,1081,129,93,60,1.75
2025-10-31,Paid Search,Desktop,CA,1074,136,108,58,0.63
2025-10-31,Paid Social,Mobile,UK,394,29,23,15,0.57
2025-10-31,Paid Social,Desktop,DE,608,91,57,39,1.83
2025-10-31,Organic Search,Mobile,UK,1552,130,78,54,1.54
2025-10-31,Organic Search,Desktop,AU,600,53,37,23,0.8
2025-10-31,Email,Mobile,UK,681,71,54,32,1.31
2025-10-31,Email,Desktop,CA,888,111,89,48,1.81
2025-10-31,Direct,Mobile,AU,436,37,29,20,0.79
2025-10-31,Direct,Desktop,UK,871,98,59,41,0.39
2025-11-01,Paid Search,Mobile,AU,455,54,39,22,1.23
2025-11-01,Paid Search,Desktop,AU,368,36,21,14,1.8
2025-11-01,Paid Social,Mobile,CA,943,139,113,71,1.87
2025-11-01,Paid Social,Desktop,US,1084,108,82,50,0.87
2025-11-01,Organic Search,Mobile,UK,710,93,68,37,0.44
2025-11-01,Organic Search,Desktop,DE,864,89,64,30,1.37
2025-11-01,Email,Mobile,DE,1404,158,113,73,1.1
2025-11-01,Email,Desktop,AU,804,85,50,24,1.78
2025-11-01,Direct,Mobile,AU,580,49,37,24,1.01
2025-11-01,Direct,Desktop,AU,469,45,32,15,0.42
2025-11-02,Paid Search,Mobile,AU,842,65,38,19,1.44
2025-11-02,Paid Search,Desktop,US,392,37,28,14,1.22
2025-11-02,Paid Social,Mobile,UK,1427,144,110,61,0.9
2025-11-02,Paid Social,Desktop,CA,542,51,28,18,0.55
2025-11-02,Organic Search,Mobile,UK,1199,139,78,49,0.44
2025-11-02,Organic Search,Desktop,AU,794,108,71,46,1.65
2025-11-02,Email,Mobile,US,796,111,70,42,1.74
2025-11-02,Email,Desktop,US,713,53,37,24,1.35
2025-11-02,Direct,Mobile,DE,1164,163,121,85,1.06
2025-11-02,Direct,Desktop,CA,705,56,43,26,1.32
2025-11-03,Paid Search,Mobile,UK,548,40,26,16,0.67
2025-11-03,Paid Search,Desktop,DE,615,89,62,33,1.43
2025-11-03,Paid Social,Mobile,DE,722,84,59,39,0.37
2025-11-03,Paid Social,Desktop,UK,1037,144,98,56,1.11
2025-11-03,Organic Search,Mobile,AU,775,113,89,53,0.51
2025-11-03,Organic Search,Desktop,CA,858,76,60,31,1.37
2025-11-03,Email,Mobile,UK,919,92,56,28,1.66
2025-11-03,Email,Desktop,AU,647,87,62,39,1.84
2025-11-03,Direct,Mobile,UK,1243,170,114,75,1.57
2025-11-03,Direct,Desktop,US,749,107,83,38,0.46
2025-11-04,Paid Search,Mobile,DE,1192,147,105,54,0.84
2025-11-04,Paid Search,Desktop,CA,727,58,40,24,0.9
2025-11-04,Paid Social,Mobile,CA,680,73,50,23,0.99
2025-11-04,Paid Social,Desktop,US,1239,132,105,60,1.24
2025-11-04,Organic Search,Mobile,US,845,80,64,36,0.74
2025-11-04,Organic Search,Desktop,US,1258,98,73,37,1.6
2025-11-04,Email,Mobile,UK,1322,169,110,51,0.68
2025-11-04,Email,Desktop,US,883,81,47,30,1.04
2025-11-04,Direct,Mobile,AU,1137,159,130,72,0.7
2025-11-04,Direct,Desktop,US,768,62,40,27,1.51
2025-11-05,Paid Search,Mobile,DE,793,101,58,32,1.65
2025-11-05,Paid Search,Desktop,DE,940,111,64,37,0.52
2025-11-05,Paid Social,Mobile,DE,1066,153,85,60,1.55
2025-11-05,Paid Social,Desktop,US,468,58,42,23,1.4
2025-11-05,Organic Search,Mobile,US,780,93,62,35,1.66
2025-11-05,Organic Search,Desktop,UK,415,50,39,19,0.99
2025-11-05,Email,Mobile,AU,856,85,53,28,1.32
2025-11-05,Email,Desktop,CA,719,60,33,19,0.45
2025-11-05,Direct,Mobile,UK,1204,163,105,65,1.25
2025-11-05,Direct,Desktop,DE,873,81,59,39,1.67
2025-11-06,Paid Search,Mobile,AU,1073,131,88,60,0.67
2025-11-06,Paid Search,Desktop,CA,831,58,45,27,0.7
2025-11-06,Paid Social,Mobile,UK,1056,129,85,57,1.1
2025-11-06,Paid Social,Desktop,CA,911,76,46,24,1.87
2025-11-06,Organic Search,Mobile,DE,945,138,78,42,1.86
2025-11-06,Organic Search,Desktop,UK,660,50,35,24,1.6
2025-11-06,Email,Mobile,UK,1266,112,90,50,1.92
2025-11-06,Email,Desktop,AU,688,96,76,50,1.05
2025-11-06,Direct,Mobile,DE,837,63,46,32,1.71
2025-11-06,Direct,Desktop,CA,735,108,67,41,0.83
2025-11-07,Paid Search,Mobile,UK,806,95,64,43,0.46
2025-11-07,Paid Search,Desktop,US,951,95,58,28,0.65
2025-11-07,Paid Social,Mobile,CA,895,84,51,28,1.13
2025-11-07,Paid Social,Desktop,DE,889,106,77,37,1.0
2025-11-07,Organic Search,Mobile,CA,731,62,50,33,1.49
2025-11-07,Organic Search,Desktop,DE,637,56,34,18,1.17
2025-11-07,Email,Mobile,DE,776,61,39,19,1.93
2025-11-07,Email,Desktop,AU,563,63,37,24,0.81
2025-11-07,Direct,Mobile,CA,876,104,79,45,0.55
2025-11-07,Direct,Desktop,UK,940,119,65,46,1.44
2025-11-08,Paid Search,Mobile,AU,1275,136,102,57,0.91
2025-11-08,Paid Search,Desktop,CA,800,106,58,38,1.41
2025-11-08,Paid Social,Mobile,CA,916,116,85,50,1.31
2025-11-08,Paid Social,Desktop,CA,983,129,98,69,0.73
2025-11-08,Organic Search,Mobile,UK,1213,93,53,35,1.44
2025-11-08,Organic Search,Desktop,CA,855,60,36,21,1.59
2025-11-08,Email,Mobile,DE,1001,139,98,50,0.79
2025-11-08,Email,Desktop,CA,503,69,53,27,1.27
2025-11-08,Direct,Mobile,AU,1353,110,83,50,0.83
2025-11-08,Direct,Desktop,US,807,97,60,27,1.02
2025-11-09,Paid Search,Mobile,AU,657,76,51,27,1.94
2025-11-09,Paid Search,Desktop,US,784,92,66,46,0.84
2025-11-09,Paid Social,Mobile,AU,1109,87,51,26,1.12
2025-11-09,Paid Social,Desktop,UK,830,121,75,53,0.55
2025-11-09,Organic Search,Mobile,CA,1431,164,99,69,1.06
2025-11-09,Organic Search,Desktop,AU,1092,114,66,39,0.35
2025-11-09,Email,Mobile,CA,1107,78,59,28,1.83
2025-11-09,Email,Desktop,US,720,65,51,27,1.71
2025-11-09,Direct,Mobile,UK,931,112,78,46,1.79
2025-11-09,Direct,Desktop,UK,709,54,31,18,0.69
2025-11-10,Paid Search,Mobile,DE,1200,179,128,85,0.58
2025-11-10,Paid Search,Desktop,CA,800,111,87,60,1.28
2025-11-10,Paid Social,Mobile,US,1111,89,66,41,1.4
2025-11-10,Paid Social,Desktop,CA,450,35,24,13,0.83
2025-11-10,Organic Search,Mobile,UK,838,73,55,25,0.54
2025-11-10,Organic Search,Desktop,UK,1182,134,93,43,1.22
2025-11-10,Email,Mobile,CA,1262,123,96,55,1.41
2025-11-10,Email,Desktop,UK,824,77,58,41,0.37
2025-11-10,Direct,Mobile,AU,721,88,60,32,1.57
2025-11-10,Direct,Desktop,DE,981,130,80,47,1.11
2025-11-11,Paid Search,Mobile,AU,901,97,60,34,1.94
2025-11-11,Paid Search,Desktop,CA,979,108,73,33,1.86
2025-11-11,Paid Social,Mobile,CA,756,87,54,31,0.63
2025-11-11,Paid Social,Desktop,AU,765,112,83,59,1.14
2025-11-11,Organic Search,Mobile,US,1138,99,67,38,0.94
2025-11-11,Organic Search,Desktop,US,775,68,49,23,1.68
2025-11-11,Email,Mobile,US,689,49,33,19,1.05
2025-11-11,Email,Desktop,AU,771,56,34,15,1.43
2025-11-11,Direct,Mobile,DE,734,56,41,25,1.82
2025-11-11,Direct,Desktop,DE,717,72,58,29,0.81
2025-11-12,Paid Search,Mobile,US,1159,170,138,69,1.58
2025-11-12,Paid Search,Desktop,DE,678,88,55,27,1.86
2025-11-12,Paid Social,Mobile,DE,1004,95,77,45,0.98
2025-11-12,Paid Social,Desktop,UK,847,103,75,49,1.69
2025-11-12,Organic Search,Mobile,US,1058,81,54,36,1.53
2025-11-12,Organic Search,Desktop,UK,528,48,35,17,1.35
2025-11-12,Email,Mobile,AU,707,96,68,45,0.84
2025-11-12,Email,Desktop,AU,1152,83,66,34,0.66
2025-11-12,Direct,Mobile,CA,917,127,75,50,1.28
2025-11-12,Direct,Desktop,CA,999,148,120,63,1.47
2025-11-13,Paid Search,Mobile,UK,1376,135,83,56,0.85
2025-11-13,Paid Search,Desktop,DE,340,32,22,14,1.07
2025-11-13,Paid Social,Mobile,UK,801,115,83,56,1.07
2025-11-13,Paid Social,Desktop,US,830,97,75,39,1.64
2025-11-13,Organic Search,Mobile,AU,649,65,37,17,1.85
2025-11-13,Organic Search,Desktop,UK,396,54,42,24,1.85
2025-11-13,Email,Mobile,UK,1160,89,53,32,1.11
2025-11-13,Email,Desktop,CA,770,114,85,42,1.1
2025-11-13,Direct,Mobile,CA,710,92,62,40,1.25
2025-11-13,Direct,Desktop,DE,653,60,37,21,0.68
2025-11-14,Paid Search,Mobile,US,1236,125,100,67,1.01
2025-11-14,Paid Search,Desktop,UK,818,117,86,41,1.13
2025-11-14,Paid Social,Mobile,AU,782,61,48,33,0.58
2025-11-14,Paid Social,Desktop,DE,919,123,97,48,0.47
2025-11-14,Organic Search,Mobile,AU,381,44,31,18,1.06
2025-11-14,Organic Search,Desktop,AU,331,45,30,20,1.26
2025-11-14,Email,Mobile,CA,988,87,63,44,1.47
2025-11-14,Email,Desktop,DE,812,71,40,27,1.12
2025-11-14,Direct,Mobile,DE,987,136,91,46,0.62
2025-11-14,Direct,Desktop,US,626,77,45,23,1.29
2025-11-15,Paid Search,Mobile,US,1012,130,91,62,1.02
2025-11-15,Paid Search,Desktop,US,822,110,84,51,0.43
2025-11-15,Paid Social,Mobile,US,1210,141,82,44,1.73
2025-11-15,Paid Social,Desktop,DE,683,85,57,39,1.57
2025-11-15,Organic Search,Mobile,CA,780,85,64,37,0.76
2025-11-15,Organic Search,Desktop,US,867,116,90,64,0.93
2025-11-15,Email,Mobile,CA,913,131,80,47,1.31
2025-11-15,Email,Desktop,CA,719,98,54,27,0.35
2025-11-15,Direct,Mobile,UK,795,91,71,43,1.26
2025-11-15,Direct,Desktop,CA,669,47,32,16,0.43
2025-11-16,Paid Search,Mobile,DE,916,135,84,57,1.81
2025-11-16,Paid Search,Desktop,US,812,76,42,29,1.2
2025-11-16,Paid Social,Mobile,AU,1063,109,67,32,0.43
2025-11-16,Paid Social,Desktop,AU,799,108,72,40,1.24
2025-11-16,Organic Search,Mobile,US,965,143,98,50,0.4
2025-11-16,Organic Search,Desktop,CA,924,124,81,41,1.7
2025-11-16,Email,Mobile,US,880,106,85,46,1.88
2025-11-16,Email,Desktop,CA,505,42,32,17,0.53
2025-11-16,Direct,Mobile,AU,767,75,60,32,0.86
2025-11-16,Direct,Desktop,CA,660,53,40,27,0.98
2025-11-17,Paid Search,Mobile,AU,989,136,108,63,1.75
2025-11-17,Paid Search,Desktop,UK,1427,126,73,45,1.03
2025-11-17,Paid Social,Mobile,DE,1266,127,83,42,1.83
2025-11-17,Paid Social,Desktop,US,663,74,47,33,1.81
2025-11-17,Organic Search,Mobile,US,1462,155,98,55,0.95
2025-11-17,Organic Search,Desktop,CA,860,94,72,34,0.79
2025-11-17,Email,Mobile,DE,1416,132,78,45,0.39
2025-11-17,Email,Desktop,UK,809,93,55,34,1.64
2025-11-17,Direct,Mobile,US,772,84,55,25,0.46
2025-11-17,Direct,Desktop,DE,1091,92,58,28,0.89
2025-11-18,Paid Search,Mobile,AU,917,64,44,30,1.15
2025-11-18,Paid Search,Desktop,CA,1148,92,71,41,0.6
2025-11-18,Paid Social,Mobile,US,931,98,58,29,1.9
2025-11-18,Paid Social,Desktop,DE,704,72,58,32,1.4
2025-11-18,Organic Search,Mobile,AU,975,127,74,38,1.18
2025-11-18,Organic Search,Desktop,UK,943,130,92,63,1.82
2025-11-18,Email,Mobile,US,846,114,73,41,1.52
2025-11-18,Email,Desktop,DE,580,43,25,12,1.37
2025-11-18,Direct,Mobile,UK,759,99,69,32,1.04
2025-11-18,Direct,Desktop,UK,726,90,66,33,0.97
2025-11-19,Paid Search,Mobile,CA,796,77,56,29,1.39
2025-11-19,Paid Search,Desktop,UK,582,60,42,28,0.52
2025-11-19,Paid Social,Mobile,AU,1227,99,77,45,1.83
2025-11-19,Paid Social,Desktop,CA,827,112,67,44,1.06
2025-11-19,Organic Search,Mobile,CA,818,77,59,32,0.51
2025-11-19,Organic Search,Desktop,US,506,47,37,21,1.27
2025-11-19,Email,Mobile,UK,1226,112,62,41,0.67
2025-11-19,Email,Desktop,DE,515,74,44,31,0.64
2025-11-19,Direct,Mobile,US,903,95,72,44,1.6
2025-11-19,Direct,Desktop,US,574,64,48,29,1.85
2025-11-20,Paid Search,Mobile,AU,373,48,28,19,1.7
2025-11-20,Paid Search,Desktop,US,789,66,40,25,1.05
2025-11-20,Paid Social,Mobile,US,577,49,32,22,0.89
2025-11-20,Paid Social,Desktop,AU,1270,153,103,65,0.8
2025-11-20,Organic Search,Mobile,DE,657,85,47,27,1.84
2025-11-20,Organic Search,Desktop,CA,853,112,69,47,0.9
2025-11-20,Email,Mobile,DE,662,47,26,12,1.23
2025-11-20,Email,Desktop,US,835,71,48,22,1.83
2025-11-20,Direct,Mobile,DE,641,84,60,37,1.55
2025-11-20,Direct,Desktop,US,806,71,47,28,0.95
2025-11-21,Paid Search,Mobile,DE,940,134,105,72,1.52
2025-11-21,Paid Search,Desktop,CA,665,77,58,33,1.26
2025-11-21,Paid Social,Mobile,US,460,61,40,24,0.74
2025-11-21,Paid Social,Desktop,DE,711,84,48,29,0.76
2025-11-21,Organic Search,Mobile,CA,1270,110,64,33,1.51
2025-11-21,Organic Search,Desktop,CA,467,53,38,26,1.79
2025-11-21,Email,Mobile,AU,1173,115,78,53,0.89
2025-11-21,Email,Desktop,CA,1282,131,76,35,1.84
2025-11-21,Direct,Mobile,DE,861,95,75,46,1.86
2025-11-21,Direct,Desktop,AU,650,72,50,31,1.42
2025-11-22,Paid Search,Mobile,AU,1075,130,92,58,0.43
2025-11-22,Paid Search,Desktop,DE,883,121,72,46,1.41
2025-11-22,Paid Social,Mobile,CA,1299,108,82,45,1.9
2025-11-22,Paid Social,Desktop,US,784,92,51,25,1.29
2025-11-22,Organic Search,Mobile,US,1194,114,89,52,0.76
2025-11-22,Organic Search,Desktop,UK,466,61,33,19,0.35
2025-11-22,Email,Mobile,AU,1502,156,85,50,0.75
2025-11-22,Email,Desktop,CA,645,91,73,38,1.51
2025-11-22,Direct,Mobile,AU,1184,87,56,26,1.68
2025-11-22,Direct,Desktop,CA,1307,185,106,52,1.78
2025-11-23,Paid Search,Mobile,CA,992,101,59,42,1.36
2025-11-23,Paid Search,Desktop,CA,1149,111,90,60,1.74
2025-11-23,Paid Social,Mobile,AU,1133,124,92,64,0.66
2025-11-23,Paid Social,Desktop,US,566,77,60,37,0.4
2025-11-23,Organic Search,Mobile,UK,1100,153,105,61,1.52
2025-11-23,Organic Search,Desktop,US,617,59,35,18,1.1
2025-11-23,Email,Mobile,US,1451,195,130,70,0.92
2025-11-23,Email,Desktop,US,722,58,43,25,1.22
2025-11-23,Direct,Mobile,US,820,78,47,30,1.52
2025-11-23,Direct,Desktop,AU,676,52,41,20,0.67
2025-11-24,Paid Search,Mobile,DE,1351,102,83,43,1.73
2025-11-24,Paid Search,Desktop,CA,648,72,57,38,0.99
2025-11-24,Paid Social,Mobile,DE,562,81,47,30,0.51
2025-11-24,Paid Social,Desktop,CA,724,54,41,25,1.08
2025-11-24,Organic Search,Mobile,AU,1183,145,102,68,0.87
2025-11-24,Organic Search,Desktop,UK,769,92,59,36,1.7
2025-11-24,Email,Mobile,AU,999,141,91,56,0.47
2025-11-24,Email,Desktop,CA,957,138,85,51,1.95
2025-11-24,Direct,Mobile,UK,1038,83,61,40,1.23
2025-11-24,Direct,Desktop,US,737,59,46,22,1.5
2025-11-25,Paid Search,Mobile,CA,811,104,74,50,0.58
2025-11-25,Paid Search,Desktop,US,770,57,38,23,0.78
2025-11-25,Paid Social,Mobile,UK,1438,140,107,60,1.9
2025-11-25,Paid Social,Desktop,UK,1047,76,47,24,0.49
2025-11-25,Organic Search,Mobile,CA,1054,102,65,40,1.26
2025-11-25,Organic Search,Desktop,AU,855,99,55,36,0.4
2025-11-25,Email,Mobile,CA,891,109,74,45,0.73
2025-11-25,Email,Desktop,CA,709,67,38,17,0.64
2025-11-25,Direct,Mobile,CA,1078,155,112,55,0.68
2025-11-25,Direct,Desktop,DE,720,68,52,24,1.66
2025-11-26,Paid Search,Mobile,AU,1229,121,83,56,1.54
2025-11-26,Paid Search,Desktop,UK,821,116,66,33,1.85
2025-11-26,Paid Social,Mobile,US,650,81,54,27,0.49
2025-11-26,Paid Social,Desktop,DE,775,92,64,37,0.4
2025-11-26,Organic Search,Mobile,AU,848,82,48,25,1.36
2025-11-26,Organic Search,Desktop,US,1558,172,107,57,0.6
2025-11-26,Email,Mobile,UK,700,77,47,22,1.44
2025-11-26,Email,Desktop,UK,534,43,34,18,1.88
2025-11-26,Direct,Mobile,US,943,104,81,49,1.86
2025-11-26,Direct,Desktop,AU,1063,94,59,30,0.79
2025-11-27,Paid Search,Mobile,US,917,85,66,47,1.67
2025-11-27,Paid Search,Desktop,CA,992,110,67,41,1.19
2025-11-27,Paid Social,Mobile,AU,806,74,58,39,0.39
2025-11-27,Paid Social,Desktop,US,891,77,46,23,1.71
2025-11-27,Organic Search,Mobile,CA,890,112,69,41,1.01
2025-11-27,Organic Search,Desktop,DE,604,76,54,33,1.1
2025-11-27,Email,Mobile,DE,701,73,44,26,0.51
2025-11-27,Email,Desktop,CA,1086,133,89,54,1.25
2025-11-27,Direct,Mobile,US,1002,104,75,49,0.55
2025-11-27,Direct,Desktop,US,1117,153,100,70,1.7
2025-11-28,Paid Search,Mobile,US,1076,149,82,49,0.99
2025-11-28,Paid Search,Desktop,CA,668,98,78,40,0.46
2025-11-28,Paid Social,Mobile,DE,1226,135,74,43,0.69
2025-11-28,Paid Social,Desktop,DE,734,105,85,57,0.38
2025-11-28,Organic Search,Mobile,AU,1317,113,91,50,1.82
2025-11-28,Organic Search,Desktop,UK,667,82,56,32,1.42
2025-11-28,Email,Mobile,DE,1088,131,86,61,1.53
2025-11-28,Email,Desktop,US,919,78,61,33,1.53
2025-11-28,Direct,Mobile,US,839,95,75,45,0.4
2025-11-28,Direct,Desktop,DE,1050,141,100,70,1.65
2025-11-29,Paid Search,Mobile,US,1181,112,70,36,1.32
2025-11-29,Paid Search,Desktop,AU,756,75,53,24,1.64
2025-11-29,Paid Social,Mobile,DE,1002,111,77,46,1.11
2025-11-29,Paid Social,Desktop,US,931,127,86,50,1.48
2025-11-29,Organic Search,Mobile,DE,1293,139,103,52,1.26
2025-11-29,Organic Search,Desktop,DE,1240,105,65,45,1.13
2025-11-29,Email,Mobile,AU,1027,81,51,36,0.81
2025-11-29,Email,Desktop,UK,916,124,92,59,0.98
2025-11-29,Direct,Mobile,UK,1155,115,73,35,1.14
2025-11-29,Direct,Desktop,AU,724,96,55,33,0.97
2025-11-30,Paid Search,Mobile,DE,1208,150,82,50,0.48
2025-11-30,Paid Search,Desktop,DE,400,43,25,16,1.69
2025-11-30,Paid Social,Mobile,CA,917,79,54,27,0.75
2025-11-30,Paid Social,Desktop,AU,547,48,33,18,0.99
2025-11-30,Organic Search,Mobile,AU,1261,90,52,27,1.18
2025-11-30,Organic Search,Desktop,UK,1385,178,124,86,1.46
2025-11-30,Email,Mobile,AU,975,84,64,35,1.64
2025-11-30,Email,Desktop,UK,887,128,78,55,0.64
2025-11-30,Direct,Mobile,AU,1013,130,79,45,1.51
2025-11-30,Direct,Desktop,AU,1159,86,60,29,0.39
2025-12-01,Paid Search,Mobile,US,1172,147,98,58,0.76
2025-12-01,Paid Search,Desktop,DE,553,68,38,24,1.62
2025-12-01,Paid Social,Mobile,US,1109,87,62,30,0.83
2025-12-01,Paid Social,Desktop,US,1005,78,63,41,0.61
2025-12-01,Organic Search,Mobile,AU,774,65,40,20,1.07
2025-12-01,Organic Search,Desktop,CA,769,76,46,24,0.96
2025-12-01,Email,Mobile,US,902,111,83,41,0.41
2025-12-01,Email,Desktop,CA,748,72,54,37,1.83
2025-12-01,Direct,Mobile,AU,1016,97,61,32,1.57
2025-12-01,Direct,Desktop,US,777,78,62,29,0.89
2025-12-02,Paid Search,Mobile,AU,1152,89,50,30,0.82
2025-12-02,Paid Search,Desktop,AU,912,71,44,27,0.55
2025-12-02,Paid Social,Mobile,US,1160,96,76,42,1.34
2025-12-02,Paid Social,Desktop,US,453,44,30,17,0.76
2025-12-02,Organic Search,Mobile,DE,1181,162,106,72,1.94
2025-12-02,Organic Search,Desktop,DE,1196,173,137,63,1.9
2025-12-02,Email,Mobile,UK,1066,89,50,24,1.49
2025-12-02,Email,Desktop,UK,833,113,83,48,1.04
2025-12-02,Direct,Mobile,DE,700,67,36,17,0.83
2025-12-02,Direct,Desktop,US,969,132,74,43,0.67
2025-12-03,Paid Search,Mobile,US,791,60,47,21,0.73
2025-12-03,Paid Search,Desktop,UK,1029,99,56,32,1.43
2025-12-03,Paid Social,Mobile,CA,1047,110,74,42,1.6
2025-12-03,Paid Social,Desktop,AU,693,63,46,27,0.7
2025-12-03,Organic Search,Mobile,DE,1539,109,71,48,0.49
2025-12-03,Organic Search,Desktop,DE,744,84,52,29,1.16
2025-12-03,Email,Mobile,CA,943,75,58,38,0.37
2025-12-03,Email,Desktop,CA,736,79,62,36,1.93
2025-12-03,Direct,Mobile,UK,1172,157,112,63,1.68
2025-12-03,Direct,Desktop,US,930,121,78,37,1.4
2025-12-04,Paid Search,Mobile,DE,1305,193,145,97,1.35
2025-12-04,Paid Search,Desktop,US,709,102,69,35,0.36
2025-12-04,Paid Social,Mobile,US,1057,111,63,35,1.4
2025-12-04,Paid Social,Desktop,UK,1020,150,88,63,0.92
2025-12-04,Organic Search,Mobile,DE,1010,86,48,32,0.92
2025-12-04,Organic Search,Desktop,DE,917,105,67,47,0.92
2025-12-04,Email,Mobile,CA,843,90,58,36,0.78
2025-12-04,Email,Desktop,AU,1284,135,79,41,1.45
2025-12-04,Direct,Mobile,US,930,71,44,25,1.05
2025-12-04,Direct,Desktop,CA,1051,144,84,41,0.54
2025-12-05,Paid Search,Mobile,AU,1016,138,87,59,0.95
2025-12-05,Paid Search,Desktop,CA,1087,152,84,45,0.69
2025-12-05,Paid Social,Mobile,UK,1017,93,64,40,1.18
2025-12-05,Paid Social,Desktop,CA,801,96,70,39,1.74
2025-12-05,Organic Search,Mobile,AU,621,89,72,47,0.59
2025-12-05,Organic Search,Desktop,AU,713,91,68,37,0.98
2025-12-05,Email,Mobile,UK,1333,175,122,76,0.73
2025-12-05,Email,Desktop,US,1007,112,88,48,1.95
2025-12-05,Direct,Mobile,CA,567,57,34,21,1.21
2025-12-05,Direct,Desktop,AU,1063,127,75,34,1.2
2025-12-06,Paid Search,Mobile,US,964,140,104,66,0.71
2025-12-06,Paid Search,Desktop,UK,402,45,26,17,0.38
2025-12-06,Paid Social,Mobile,CA,970,137,89,51,0.39
2025-12-06,Paid Social,Desktop,US,585,79,58,35,0.85
2025-12-06,Organic Search,Mobile,DE,1003,71,55,30,0.96
2025-12-06,Organic Search,Desktop,AU,682,63,38,21,0.74
2025-12-06,Email,Mobile,CA,884,101,69,36,0.69
2025-12-06,Email,Desktop,AU,733,92,52,31,0.54
2025-12-06,Direct,Mobile,CA,1048,124,84,42,0.4
2025-12-06,Direct,Desktop,AU,888,112,75,47,0.7
2025-12-07,Paid Search,Mobile,CA,567,60,44,31,0.39
2025-12-07,Paid Search,Desktop,US,538,60,48,24,1.72
2025-12-07,Paid Social,Mobile,US,1273,136,79,42,0.81
2025-12-07,Paid Social,Desktop,US,784,64,40,28,1.65
2025-12-07,Organic Search,Mobile,DE,887,129,93,53,0.52
2025-12-07,Organic Search,Desktop,UK,996,146,88,55,0.37
2025-12-07,Email,Mobile,UK,1254,158,109,54,0.86
2025-12-07,Email,Desktop,DE,900,64,48,22,1.5
2025-12-07,Direct,Mobile,AU,1065,113,79,37,1.3
2025-12-07,Direct,Desktop,US,1025,139,99,45,0.39
2025-12-08,Paid Search,Mobile,CA,1175,142,79,44,1.53
2025-12-08,Paid Search,Desktop,AU,605,44,28,17,1.5
2025-12-08,Paid Social,Mobile,CA,1053,149,113,75,1.85
2025-12-08,Paid Social,Desktop,UK,665,64,35,22,1.54
2025-12-08,Organic Search,Mobile,US,1170,123,82,45,0.82
2025-12-08,Organic Search,Desktop,UK,1018,75,46,25,1.32
2025-12-08,Email,Mobile,UK,1098,99,76,46,1.94
2025-12-08,Email,Desktop,DE,606,57,41,21,0.7
2025-12-08,Direct,Mobile,AU,882,125,97,55,0.72
2025-12-08,Direct,Desktop,DE,781,88,67,36,1.56
2025-12-09,Paid Search,Mobile,UK,670,83,66,40,1.1
2025-12-09,Paid Search,Desktop,DE,1134,130,84,57,0.48
2025-12-09,Paid Social,Mobile,CA,1060,130,79,36,0.78
2025-12-09,Paid Social,Desktop,US,663,49,28,19,0.94
2025-12-09,Organic Search,Mobile,US,836,97,57,30,1.81
2025-12-09,Organic Search,Desktop,UK,1209,136,110,71,1.85
2025-12-09,Email,Mobile,AU,1236,170,102,47,0.62
2025-12-09,Email,Desktop,CA,920,93,55,38,1.71
2025-12-09,Direct,Mobile,DE,762,99,57,31,1.73
2025-12-09,Direct,Desktop,US,737,99,67,35,0.44
2025-12-10,Paid Search,Mobile,AU,259,22,15,10,0.8
2025-12-10,Paid Search,Desktop,DE,937,119,78,50,1.2
2025-12-10,Paid Social,Mobile,AU,896,89,55,39,1.74
2025-12-10,Paid Social,Desktop,UK,708,52,42,28,1.81
2025-12-10,Organic Search,Mobile,US,1611,230,133,88,1.17
2025-12-10,Organic Search,Desktop,AU,1206,157,98,63,1.25
2025-12-10,Email,Mobile,AU,1326,171,126,82,0.4
2025-12-10,Email,Desktop,AU,843,85,54,38,1.07
2025-12-10,Direct,Mobile,DE,631,87,56,40,1.14
2025-12-10,Direct,Desktop,UK,1162,147,108,70,0.75
2025-12-11,Paid Search,Mobile,UK,1030,85,50,23,1.52
2025-12-11,Paid Search,Desktop,AU,830,101,61,29,1.85
2025-12-11,Paid Social,Mobile,US,867,75,59,30,1.14
2025-12-11,Paid Social,Desktop,DE,955,96,53,37,0.62
2025-12-11,Organic Search,Mobile,CA,1238,109,62,29,1.65
2025-12-11,Organic Search,Desktop,DE,570,63,40,25,1.93
2025-12-11,Email,Mobile,AU,688,49,38,21,1.16
2025-12-11,Email,Desktop,CA,857,77,57,28,1.14
2025-12-11,Direct,Mobile,US,809,73,45,21,0.82
2025-12-11,Direct,Desktop,AU,1071,144,99,62,1.56
2025-12-12,Paid Search,Mobile,US,879,113,92,50,0.69
2025-12-12,Paid Search,Desktop,UK,587,60,36,20,1.35
2025-12-12,Paid Social,Mobile,DE,1031,99,64,31,1.75
2025-12-12,Paid Social,Desktop,CA,872,101,59,28,1.44
2025-12-12,Organic Search,Mobile,US,1087,134,94,65,1.85
2025-12-12,Organic Search,Desktop,DE,1108,118,76,51,1.39
2025-12-12,Email,Mobile,UK,630,57,31,18,1.86
2025-12-12,Email,Desktop,AU,747,58,31,17,0.93
2025-12-12,Direct,Mobile,DE,1101,79,55,25,0.47
2025-12-12,Direct,Desktop,DE,1314,107,68,41,0.97
2025-12-13,Paid Search,Mobile,US,892,124,79,44,1.87
2025-12-13,Paid Search,Desktop,US,966,115,93,63,1.51
2025-12-13,Paid Social,Mobile,UK,603,46,30,14,1.04
2025-12-13,Paid Social,Desktop,US,820,74,41,19,1.07
2025-12-13,Organic Search,Mobile,DE,1032,112,87,42,1.7
2025-12-13,Organic Search,Desktop,UK,945,72,58,41,0.85
2025-12-13,Email,Mobile,UK,1080,99,68,41,1.81
2025-12-13,Email,Desktop,AU,645,83,56,34,1.47
2025-12-13,Direct,Mobile,AU,1313,168,99,57,0.44
2025-12-13,Direct,Desktop,DE,1278,96,53,27,1.53
2025-12-14,Paid Search,Mobile,UK,1132,84,49,23,0.46
2025-12-14,Paid Search,Desktop,UK,470,56,35,23,0.67
2025-12-14,Paid Social,Mobile,DE,751,92,63,36,0.35
2025-12-14,Paid Social,Desktop,AU,1066,110,65,41,1.01
2025-12-14,Organic Search,Mobile,CA,1212,102,76,37,1.52
2025-12-14,Organic Search,Desktop,DE,709,50,28,12,1.09
2025-12-14,Email,Mobile,UK,1083,127,90,49,0.79
2025-12-14,Email,Desktop,US,1183,167,100,56,1.86
2025-12-14,Direct,Mobile,AU,1263,143,108,65,0.49
2025-12-14,Direct,Desktop,DE,827,121,82,43,1.5
2025-12-15,Paid Search,Mobile,DE,1081,94,71,35,1.2
2025-12-15,Paid Search,Desktop,DE,948,116,81,49,1.89
2025-12-15,Paid Social,Mobile,AU,1004,126,72,45,1.26
2025-12-15,Paid Social,Desktop,CA,739,57,39,22,0.95
2025-12-15,Organic Search,Mobile,DE,1103,96,78,53,1.67
2025-12-15,Organic Search,Desktop,US,1026,82,50,34,0.67
2025-12-15,Email,Mobile,US,1234,115,69,43,0.46
2025-12-15,Email,Desktop,US,1417,138,82,49,1.3
2025-12-15,Direct,Mobile,US,1887,151,87,44,1.03
2025-12-15,Direct,Desktop,CA,926,100,70,38,1.09
2025-12-16,Paid Search,Mobile,DE,402,33,20,12,1.18
2025-12-16,Paid Search,Desktop,US,582,58,41,26,1.04
2025-12-16,Paid Social,Mobile,AU,681,51,32,20,0.85
2025-12-16,Paid Social,Desktop,AU,1334,126,94,50,0.55
2025-12-16,Organic Search,Mobile,CA,1336,143,83,53,1.37
2025-12-16,Organic Search,Desktop,DE,1103,163,129,60,0.79
2025-12-16,Email,Mobile,CA,1307,155,120,60,0.65
2025-12-16,Email,Desktop,US,912,103,60,27,0.83
2025-12-16,Direct,Mobile,CA,951,101,72,37,0.7
2025-12-16,Direct,Desktop,US,339,49,36,19,0.72
2025-12-17,Paid Search,Mobile,UK,766,111,82,45,1.8
2025-12-17,Paid Search,Desktop,AU,845,111,89,59,0.89
2025-12-17,Paid Social,Mobile,UK,845,116,73,50,1.78
2025-12-17,Paid Social,Desktop,AU,1150,166,104,62,1.76
2025-12-17,Organic Search,Mobile,US,1142,155,96,48,1.36
2025-12-17,Organic Search,Desktop,US,834,75,46,23,0.71
2025-12-17,Email,Mobile,US,1191,171,100,69,1.29
2025-12-17,Email,Desktop,AU,1046,74,47,29,1.42
2025-12-17,Direct,Mobile,CA,867,61,48,30,1.12
2025-12-17,Direct,Desktop,AU,1122,97,59,42,0.91
2025-12-18,Paid Search,Mobile,CA,1457,111,61,38,0.93
2025-12-18,Paid Search,Desktop,DE,831,95,65,44,0.77
2025-12-18,Paid Social,Mobile,DE,1150,90,71,47,0.87
2025-12-18,Paid Social,Desktop,US,729,52,35,21,0.36
2025-12-18,Organic Search,Mobile,US,1085,161,102,51,0.69
2025-12-18,Organic Search,Desktop,AU,599,83,65,38,1.03
2025-12-18,Email,Mobile,UK,1049,143,93,61,0.96
2025-12-18,Email,Desktop,CA,1180,101,75,52,0.4
2025-12-18,Direct,Mobile,US,1192,151,91,61,1.88
2025-12-18,Direct,Desktop,AU,812,96,74,44,1.35
2025-12-19,Paid Search,Mobile,CA,1430,101,62,30,0.36
2025-12-19,Paid Search,Desktop,US,1242,128,88,50,0.76
2025-12-19,Paid Social,Mobile,AU,770,78,43,30,1.93
2025-12-19,Paid Social,Desktop,CA,1157,148,86,45,0.77
2025-12-19,Organic Search,Mobile,US,643,49,34,19,1.64
2025-12-19,Organic Search,Desktop,CA,1186,104,58,32,1.64
2025-12-19,Email,Mobile,CA,1307,108,77,49,0.57
2025-12-19,Email,Desktop,UK,847,124,85,47,1.55
2025-12-19,Direct,Mobile,UK,1236,157,101,68,1.62
2025-12-19,Direct,Desktop,US,1176,136,80,57,1.44
2025-12-20,Paid Search,Mobile,UK,1408,110,73,49,0.69
2025-12-20,Paid Search,Desktop,CA,513,70,40,24,0.88
2025-12-20,Paid Social,Mobile,US,818,100,55,29,0.73
2025-12-20,Paid Social,Desktop,AU,770,115,80,54,1.07
2025-12-20,Organic Search,Mobile,UK,1115,89,61,39,1.63
2025-12-20,Organic Search,Desktop,DE,720,55,30,20,1.76
2025-12-20,Email,Mobile,US,1246,117,82,41,0.96
2025-12-20,Email,Desktop,UK,1056,89,70,34,1.54
2025-12-20,Direct,Mobile,CA,1046,88,56,38,0.39
2025-12-20,Direct,Desktop,UK,676,94,74,46,1.23
2025-12-21,Paid Search,Mobile,CA,849,99,80,48,0.89
2025-12-21,Paid Search,Desktop,CA,940,74,52,32,0.41
2025-12-21,Paid Social,Mobile,US,1178,154,115,80,1.66
2025-12-21,Paid Social,Desktop,US,1008,144,113,67,0.73
2025-12-21,Organic Search,Mobile,AU,863,115,79,48,1.59
2025-12-21,Organic Search,Desktop,CA,854,113,81,38,0.54
2025-12-21,Email,Mobile,AU,980,117,81,48,0.7
2025-12-21,Email,Desktop,UK,1001,81,48,28,1.23
2025-12-21,Direct,Mobile,AU,1446,204,131,66,0.82
2025-12-21,Direct,Desktop,UK,1309,96,74,39,0.91
2025-12-22,Paid Search,Mobile,AU,923,88,64,38,1.15
2025-12-22,Paid Search,Desktop,UK,1027,97,62,30,0.58
2025-12-22,Paid Social,Mobile,DE,959,134,98,66,0.93
2025-12-22,Paid Social,Desktop,CA,944,121,70,45,1.8
2025-12-22,Organic Search,Mobile,UK,664,60,40,26,1.22
2025-12-22,Organic Search,Desktop,UK,681,99,61,40,1.93
2025-12-22,Email,Mobile,DE,1299,92,56,36,1.41
2025-12-22,Email,Desktop,UK,701,67,39,24,0.44
2025-12-22,Direct,Mobile,US,1085,145,96,46,1.42
2025-12-22,Direct,Desktop,DE,820,120,86,61,1.03
2025-12-23,Paid Search,Mobile,DE,1026,79,54,25,1.87
2025-12-23,Paid Search,Desktop,AU,1005,121,83,56,0.51
2025-12-23,Paid Social,Mobile,UK,1234,92,65,38,0.37
2025-12-23,Paid Social,Desktop,CA,869,117,67,41,1.41
2025-12-23,Organic Search,Mobile,CA,697,102,65,44,1.13
2025-12-23,Organic Search,Desktop,AU,521,60,47,33,1.08
2025-12-23,Email,Mobile,AU,1180,93,58,27,0.7
2025-12-23,Email,Desktop,AU,1058,146,81,38,0.67
2025-12-23,Direct,Mobile,AU,1304,139,108,68,1.24
2025-12-23,Direct,Desktop,CA,1066,147,81,51,0.66
2025-12-24,Paid Search,Mobile,CA,1242,120,91,54,0.64
2025-12-24,Paid Search,Desktop,US,905,75,47,25,1.61
2025-12-24,Paid Social,Mobile,CA,1291,165,124,86,1.84
2025-12-24,Paid Social,Desktop,CA,926,89,50,35,1.48
2025-12-24,Organic Search,Mobile,US,979,108,85,39,0.72
2025-12-24,Organic Search,Desktop,UK,1000,104,61,29,1.93
2025-12-24,Email,Mobile,DE,1389,156,117,79,1.48
2025-12-24,Email,Desktop,AU,849,110,82,37,0.5
2025-12-24,Direct,Mobile,AU,1577,138,94,49,1.52
2025-12-24,Direct,Desktop,US,971,88,55,32,1.9
2025-12-25,Paid Search,Mobile,UK,752,88,69,45,1.45
2025-12-25,Paid Search,Desktop,US,959,102,61,34,1.59
2025-12-25,Paid Social,Mobile,DE,1030,134,79,56,1.44
2025-12-25,Paid Social,Desktop,DE,934,126,83,47,1.51
2025-12-25,Organic Search,Mobile,US,1100,163,115,70,0.87
2025-12-25,Organic Search,Desktop,AU,546,45,31,19,0.7
2025-12-25,Email,Mobile,US,1726,251,189,102,0.81
2025-12-25,Email,Desktop,UK,548,66,39,19,0.82
2025-12-25,Direct,Mobile,US,1457,104,69,32,1.11
2025-12-25,Direct,Desktop,AU,1227,108,66,46,1.79
2025-12-26,Paid Search,Mobile,DE,1115,95,53,29,0.89
2025-12-26,Paid Search,Desktop,US,652,50,39,26,1.43
2025-12-26,Paid Social,Mobile,AU,844,76,55,28,1.76
2025-12-26,Paid Social,Desktop,CA,1250,139,101,56,1.68
2025-12-26,Organic Search,Mobile,US,710,91,72,40,0.59
2025-12-26,Organic Search,Desktop,DE,571,64,35,23,0.84
2025-12-26,Email,Mobile,AU,1397,193,136,69,1.01
2025-12-26,Email,Desktop,US,917,77,46,29,1.01
2025-12-26,Direct,Mobile,AU,1865,262,211,111,1.42
2025-12-26,Direct,Desktop,AU,599,88,53,35,1.9
2025-12-27,Paid Search,Mobile,US,718,90,68,40,1.86
2025-12-27,Paid Search,Desktop,US,1047,135,75,37,1.55
2025-12-27,Paid Social,Mobile,AU,1369,174,133,62,1.2
2025-12-27,Paid Social,Desktop,DE,929,67,44,21,1.68
2025-12-27,Organic Search,Mobile,UK,800,106,68,38,0.61
2025-12-27,Organic Search,Desktop,AU,893,131,100,51,1.65
2025-12-27,Email,Mobile,AU,1092,91,59,42,1.79
2025-12-27,Email,Desktop,UK,1226,143,112,75,0.43
2025-12-27,Direct,Mobile,DE,1676,242,175,112,1.7
2025-12-27,Direct,Desktop,UK,1542,179,101,51,1.09
2025-12-28,Paid Search,Mobile,AU,363,49,33,23,1.53
2025-12-28,Paid Search,Desktop,UK,1254,106,58,37,0.53
2025-12-28,Paid Social,Mobile,UK,1491,120,97,62,1.83
2025-12-28,Paid Social,Desktop,UK,1184,97,53,34,1.81
2025-12-28,Organic Search,Mobile,US,1348,140,97,46,0.73
2025-12-28,Organic Search,Desktop,UK,507,57,43,20,1.22
2025-12-28,Email,Mobile,AU,579,69,55,34,1.13
2025-12-28,Email,Desktop,AU,1191,169,121,79,1.7
2025-12-28,Direct,Mobile,DE,1308,129,79,55,0.55
2025-12-28,Direct,Desktop,UK,383,55,43,29,1.9
2025-12-29,Paid Search,Mobile,UK,1087,78,48,26,1.53
2025-12-29,Paid Search,Desktop,UK,753,99,58,34,0.77
2025-12-29,Paid Social,Mobile,CA,1595,224,140,97,1.44
2025-12-29,Paid Social,Desktop,DE,732,67,52,27,1.1
2025-12-29,Organic Search,Mobile,DE,1231,113,65,34,0.88
2025-12-29,Organic Search,Desktop,CA,692,58,39,21,0.52
2025-12-29,Email,Mobile,US,582,43,28,15,1.22
2025-12-29,Email,Desktop,US,960,73,55,33,1.45
2025-12-29,Direct,Mobile,UK,1028,143,87,41,0.68
2025-12-29,Direct,Desktop,CA,169,20,15,8,0.69
2025-12-30,Paid Search,Mobile,DE,1262,155,108,65,1.54
2025-12-30,Paid Search,Desktop,DE,575,74,53,30,1.61
2025-12-30,Paid Social,Mobile,CA,1369,178,141,79,1.1
2025-12-30,Paid Social,Desktop,UK,559,79,49,29,0.44
2025-12-30,Organic Search,Mobile,UK,1173,118,92,64,1.72
2025-12-30,Organic Search,Desktop,CA,1056,95,60,42,1.9
2025-12-30,Email,Mobile,US,873,76,47,28,0.79
2025-12-30,Email,Desktop,CA,964,76,46,31,1.0
2025-12-30,Direct,Mobile,DE,1024,80,48,33,1.63
2025-12-30,Direct,Desktop,CA,1025,81,46,24,0.88
2025-12-31,Paid Search,Mobile,AU,1045,143,98,68,1.75
2025-12-31,Paid Search,Desktop,UK,713,104,68,34,1.07
2025-12-31,Paid Social,Mobile,CA,934,104,84,45,1.26
2025-12-31,Paid Social,Desktop,UK,1101,107,86,42,0.72
2025-12-31,Organic Search,Mobile,US,1614,183,118,55,0.46
2025-12-31,Organic Search,Desktop,AU,794,101,75,37,0.98
2025-12-31,Email,Mobile,UK,1468,154,116,60,1.5
2025-12-31,Email,Desktop,AU,1149,110,71,34,0.91
2025-12-31,Direct,Mobile,US,1261,166,133,81,0.54
2025-12-31,Direct,Desktop,US,447,63,48,34,1.27
2026-01-01,Paid Search,Mobile,DE,1235,170,115,68,0.4
2026-01-01,Paid Search,Desktop,DE,368,30,19,10,1.47
2026-01-01,Paid Social,Mobile,AU,1203,169,126,64,0.73
2026-01-01,Paid Social,Desktop,UK,362,41,27,12,1.22
2026-01-01,Organic Search,Mobile,US,989,123,84,56,1.78
2026-01-01,Organic Search,Desktop,UK,637,61,46,22,1.55
2026-01-01,Email,Mobile,UK,160,18,12,7,0.94
2026-01-01,Email,Desktop,AU,1394,171,94,45,1.08
2026-01-01,Direct,Mobile,DE,985,135,80,45,1.66
2026-01-01,Direct,Desktop,UK,1109,115,73,37,0.92
2026-01-02,Paid Search,Mobile,UK,1367,201,114,63,1.12
2026-01-02,Paid Search,Desktop,DE,1058,97,78,49,1.26
2026-01-02,Paid Social,Mobile,UK,1484,215,160,94,1.38
2026-01-02,Paid Social,Desktop,CA,367,29,16,7,1.69
2026-01-02,Organic Search,Mobile,UK,1096,110,89,60,0.87
2026-01-02,Organic Search,Desktop,CA,609,88,56,36,1.18
2026-01-02,Email,Mobile,DE,1289,151,99,60,1.76
2026-01-02,Email,Desktop,US,957,134,105,53,1.6
2026-01-02,Direct,Mobile,DE,1276,124,75,38,1.03
2026-01-02,Direct,Desktop,CA,704,95,76,49,0.64
2026-01-03,Paid Search,Mobile,AU,1627,217,153,102,1.64
2026-01-03,Paid Search,Desktop,CA,1177,127,93,62,0.93
2026-01-03,Paid Social,Mobile,AU,1286,142,90,50,1.76
2026-01-03,Paid Social,Desktop,DE,871,61,39,23,1.39
2026-01-03,Organic Search,Mobile,US,871,69,52,34,1.23
2026-01-03,Organic Search,Desktop,UK,912,125,79,50,0.9
2026-01-03,Email,Mobile,UK,1050,123,86,56,1.21
2026-01-03,Email,Desktop,AU,684,63,40,22,0.97
2026-01-03,Direct,Mobile,DE,2025,245,173,108,0.46
2026-01-03,Direct,Desktop,CA,454,64,36,24,0.68
2026-01-04,Paid Search,Mobile,UK,1026,133,108,61,1.85
2026-01-04,Paid Search,Desktop,DE,654,67,52,30,1.45
2026-01-04,Paid Social,Mobile,AU,1635,229,171,120,0.92
2026-01-04,Paid Social,Desktop,CA,901,114,70,41,1.49
2026-01-04,Organic Search,Mobile,US,1695,230,184,96,0.57
2026-01-04,Organic Search,Desktop,DE,1020,107,63,43,0.5
2026-01-04,Email,Mobile,US,823,77,46,25,1.32
2026-01-04,Email,Desktop,CA,890,67,50,28,0.95
2026-01-04,Direct,Mobile,DE,1232,96,78,45,1.74
2026-01-04,Direct,Desktop,AU,1149,137,93,51,0.38
2026-01-05,Paid Search,Mobile,US,1758,203,129,73,1.62
2026-01-05,Paid Search,Desktop,DE,1083,107,70,40,1.02
2026-01-05,Paid Social,Mobile,US,999,76,44,21,1.02
2026-01-05,Paid Social,Desktop,DE,1130,156,121,65,0.52
2026-01-05,Organic Search,Mobile,DE,1658,223,141,65,0.74
2026-01-05,Organic Search,Desktop,CA,528,73,58,33,1.26
2026-01-05,Email,Mobile,US,1076,123,72,40,0.83
2026-01-05,Email,Desktop,DE,709,62,41,25,1.49
2026-01-05,Direct,Mobile,US,1192,114,79,53,1.7
2026-01-05,Direct,Desktop,AU,1010,72,51,35,1.65
2026-01-06,Paid Search,Mobile,US,1602,212,163,110,1.79
2026-01-06,Paid Search,Desktop,CA,870,62,40,22,0.41
2026-01-06,Paid Social,Mobile,UK,1579,208,143,77,1.25
2026-01-06,Paid Social,Desktop,AU,1090,93,56,34,1.63
2026-01-06,Organic Search,Mobile,UK,1217,128,95,50,1.79
2026-01-06,Organic Search,Desktop,DE,860,87,62,34,1.53
2026-01-06,Email,Mobile,DE,850,73,43,26,1.74
2026-01-06,Email,Desktop,US,991,100,57,32,1.93
2026-01-06,Direct,Mobile,UK,1247,100,60,33,1.63
2026-01-06,Direct,Desktop,DE,964,130,85,44,0.83
2026-01-07,Paid Search,Mobile,UK,859,105,78,41,1.69
2026-01-07,Paid Search,Desktop,AU,1140,131,96,61,1.38
2026-01-07,Paid Social,Mobile,UK,696,73,55,39,0.87
2026-01-07,Paid Social,Desktop,US,892,123,97,58,1.39
2026-01-07,Organic Search,Mobile,US,962,118,85,51,1.63
2026-01-07,Organic Search,Desktop,AU,1062,103,74,51,0.57
2026-01-07,Email,Mobile,AU,205,16,10,5,1.7
2026-01-07,Email,Desktop,CA,924,90,63,41,1.34
2026-01-07,Direct,Mobile,UK,1654,221,153,70,1.57
2026-01-07,Direct,Desktop,CA,822,114,87,62,1.28
2026-01-08,Paid Search,Mobile,AU,1161,154,96,58,0.96
2026-01-08,Paid Search,Desktop,AU,1057,74,53,38,0.89
2026-01-08,Paid Social,Mobile,US,853,116,75,46,1.93
2026-01-08,Paid Social,Desktop,CA,739,64,43,21,0.5
2026-01-08,Organic Search,Mobile,CA,1671,151,100,46,0.57
2026-01-08,Organic Search,Desktop,UK,354,35,21,10,0.46
2026-01-08,Email,Mobile,UK,1380,124,99,69,0.6
2026-01-08,Email,Desktop,DE,1158,171,135,65,1.12
2026-01-08,Direct,Mobile,DE,913,122,94,58,1.45
2026-01-08,Direct,Desktop,AU,616,92,61,43,1.81
2026-01-09,Paid Search,Mobile,AU,1045,109,65,39,1.22
2026-01-09,Paid Search,Desktop,US,713,66,52,35,0.65
2026-01-09,Paid Social,Mobile,UK,546,42,33,23,1.18
2026-01-09,Paid Social,Desktop,US,1054,117,90,52,1.43
2026-01-09,Organic Search,Mobile,DE,959,132,93,57,1.1
2026-01-09,Organic Search,Desktop,DE,957,129,75,36,1.25
2026-01-09,Email,Mobile,AU,503,71,43,26,0.38
2026-01-09,Email,Desktop,DE,937,70,43,20,1.77
2026-01-09,Direct,Mobile,CA,1547,114,87,45,0.51
2026-01-09,Direct,Desktop,DE,1062,118,66,31,1.45
2026-01-10,Paid Search,Mobile,US,824,76,55,30,1.45
2026-01-10,Paid Search,Desktop,US,1167,86,55,33,1.07
2026-01-10,Paid Social,Mobile,AU,1699,183,103,67,1.87
2026-01-10,Paid Social,Desktop,US,1225,102,61,32,0.95
2026-01-10,Organic Search,Mobile,UK,669,70,41,24,0.69
2026-01-10,Organic Search,Desktop,UK,823,78,57,34,0.84
2026-01-10,Email,Mobile,CA,348,45,29,15,0.76
2026-01-10,Email,Desktop,UK,1551,122,92,58,0.56
2026-01-10,Direct,Mobile,DE,1027,116,83,59,0.54
2026-01-10,Direct,Desktop,CA,715,93,63,29,0.61
2026-01-11,Paid Search,Mobile,CA,1247,172,109,74,0.46
2026-01-11,Paid Search,Desktop,DE,1075,155,110,55,0.74
2026-01-11,Paid Social,Mobile,CA,1063,151,101,67,1.85
2026-01-11,Paid Social,Desktop,AU,684,66,40,18,0.54
2026-01-11,Organic Search,Mobile,AU,810,87,61,28,1.44
2026-01-11,Organic Search,Desktop,AU,1090,132,93,46,1.37
2026-01-11,Email,Mobile,CA,1613,170,127,81,0.74
2026-01-11,Email,Desktop,AU,914,120,70,38,0.9
2026-01-11,Direct,Mobile,US,708,69,44,22,0.41
2026-01-11,Direct,Desktop,AU,998,77,50,30,1.92
2026-01-12,Paid Search,Mobile,UK,909,113,87,47,1.67
2026-01-12,Paid Search,Desktop,DE,886,130,79,53,0.42
2026-01-12,Paid Social,Mobile,UK,1080,133,85,59,1.39
2026-01-12,Paid Social,Desktop,CA,886,90,71,43,1.15
2026-01-12,Organic Search,Mobile,DE,995,116,79,52,0.93
2026-01-12,Organic Search,Desktop,US,859,117,95,67,0.72
2026-01-12,Email,Mobile,US,1479,202,158,106,0.53
2026-01-12,Email,Desktop,US,697,68,40,22,1.28
2026-01-12,Direct,Mobile,US,1020,118,82,45,1.83
2026-01-12,Direct,Desktop,UK,1230,86,47,32,1.48
2026-01-13,Paid Search,Mobile,UK,1468,166,112,72,1.08
2026-01-13,Paid Search,Desktop,US,923,82,49,34,0.69
2026-01-13,Paid Social,Mobile,AU,1054,113,87,53,1.66
2026-01-13,Paid Social,Desktop,CA,758,78,55,26,1.02
2026-01-13,Organic Search,Mobile,US,1163,129,72,37,0.53
2026-01-13,Organic Search,Desktop,DE,1290,136,76,38,1.15
2026-01-13,Email,Mobile,US,765,89,67,31,0.35
2026-01-13,Email,Desktop,UK,1155,143,112,68,1.46
2026-01-13,Direct,Mobile,DE,1112,132,94,60,1.49
2026-01-13,Direct,Desktop,AU,633,82,48,25,0.38
2026-01-14,Paid Search,Mobile,DE,1165,92,71,40,0.68
2026-01-14,Paid Search,Desktop,DE,803,63,49,23,0.41
2026-01-14,Paid Social,Mobile,DE,2109,199,149,100,0.53
2026-01-14,Paid Social,Desktop,US,908,75,56,26,0.98
2026-01-14,Organic Search,Mobile,CA,1091,135,78,48,1.42
2026-01-14,Organic Search,Desktop,CA,1580,152,94,52,1.54
2026-01-14,Email,Mobile,DE,1482,106,85,46,1.82
2026-01-14,Email,Desktop,US,412,47,33,22,1.8
2026-01-14,Direct,Mobile,CA,1450,159,117,62,1.94
2026-01-14,Direct,Desktop,AU,869,122,81,44,1.32
2026-01-15,Paid Search,Mobile,UK,1091,110,72,46,1.62
2026-01-15,Paid Search,Desktop,DE,798,90,54,31,1.32
2026-01-15,Paid Social,Mobile,AU,1482,210,127,81,1.6
2026-01-15,Paid Social,Desktop,DE,924,126,103,47,0.6
2026-01-15,Organic Search,Mobile,AU,218,19,11,6,1.44
2026-01-15,Organic Search,Desktop,US,960,104,67,37,1.76
2026-01-15,Email,Mobile,CA,1342,177,119,57,1.43
2026-01-15,Email,Desktop,UK,969,98,61,41,1.47
2026-01-15,Direct,Mobile,DE,1944,259,165,113,0.93
2026-01-15,Direct,Desktop,US,1427,122,98,60,0.36
2026-01-16,Paid Search,Mobile,UK,771,84,53,37,0.74
2026-01-16,Paid Search,Desktop,AU,896,67,49,29,1.33
2026-01-16,Paid Social,Mobile,UK,1627,134,97,50,1.79
2026-01-16,Paid Social,Desktop,DE,1262,97,73,34,0.85
2026-01-16,Organic Search,Mobile,US,958,114,93,52,1.24
2026-01-16,Organic Search,Desktop,AU,758,87,57,38,0.91
2026-01-16,Email,Mobile,AU,1168,94,63,30,0.42
2026-01-16,Email,Desktop,AU,834,119,67,32,1.69
2026-01-16,Direct,Mobile,AU,754,79,52,24,1.6
2026-01-16,Direct,Desktop,UK,1278,141,113,64,0.7
2026-01-17,Paid Search,Mobile,UK,1142,146,112,51,0.39
2026-01-17,Paid Search,Desktop,DE,1391,128,101,58,1.92
2026-01-17,Paid Social,Mobile,CA,1597,114,92,48,1.63
2026-01-17,Paid Social,Desktop,DE,843,116,73,38,1.66
2026-01-17,Organic Search,Mobile,US,1615,224,148,75,1.49
2026-01-17,Organic Search,Desktop,US,1354,202,126,61,1.17
2026-01-17,Email,Mobile,UK,1014,101,72,38,1.18
2026-01-17,Email,Desktop,CA,1192,119,71,49,1.57
2026-01-17,Direct,Mobile,AU,1319,181,101,71,1.55
2026-01-17,Direct,Desktop,US,834,96,60,34,0.51
2026-01-18,Paid Search,Mobile,DE,1452,212,118,63,0.45
2026-01-18,Paid Search,Desktop,US,1059,99,68,33,0.41
2026-01-18,Paid Social,Mobile,UK,970,97,59,31,1.55
2026-01-18,Paid Social,Desktop,AU,1271,116,77,49,0.7
2026-01-18,Organic Search,Mobile,CA,1061,97,67,35,0.36
2026-01-18,Organic Search,Desktop,UK,929,128,93,43,1.32
2026-01-18,Email,Mobile,UK,1608,159,115,73,1.44
2026-01-18,Email,Desktop,UK,1088,87,50,33,1.33
2026-01-18,Direct,Mobile,US,1311,92,60,32,1.42
2026-01-18,Direct,Desktop,UK,1076,122,68,42,0.84
2026-01-19,Paid Search,Mobile,US,649,59,44,25,1.6
2026-01-19,Paid Search,Desktop,CA,438,32,25,15,1.03
2026-01-19,Paid Social,Mobile,CA,1959,236,159,100,1.14
2026-01-19,Paid Social,Desktop,UK,543,56,34,16,0.38
2026-01-19,Organic Search,Mobile,UK,1581,114,69,39,1.07
2026-01-19,Organic Search,Desktop,AU,750,65,37,22,0.98
2026-01-19,Email,Mobile,CA,767,77,61,38,1.51
2026-01-19,Email,Desktop,US,821,82,62,29,1.71
2026-01-19,Direct,Mobile,AU,1202,99,70,39,0.92
2026-01-19,Direct,Desktop,US,683,59,34,19,0.77
2026-01-20,Paid Search,Mobile,AU,580,59,38,19,1.28
2026-01-20,Paid Search,Desktop,UK,838,114,83,40,1.58
2026-01-20,Paid Social,Mobile,CA,891,128,83,55,0.88
2026-01-20,Paid Social,Desktop,CA,798,76,45,30,0.56
2026-01-20,Organic Search,Mobile,US,1153,148,98,53,1.49
2026-01-20,Organic Search,Desktop,CA,588,50,35,22,1.67
2026-01-20,Email,Mobile,US,1011,91,51,28,1.13
2026-01-20,Email,Desktop,AU,1244,167,133,69,0.75
2026-01-20,Direct,Mobile,US,1567,135,110,56,1.85
2026-01-20,Direct,Desktop,DE,1497,210,153,76,1.82
2026-01-21,Paid Search,Mobile,UK,1758,228,164,93,1.79
2026-01-21,Paid Search,Desktop,UK,475,63,39,20,1.87
2026-01-21,Paid Social,Mobile,US,1166,109,75,51,0.81
2026-01-21,Paid Social,Desktop,DE,773,83,54,38,1.48
2026-01-21,Organic Search,Mobile,UK,878,90,61,33,1.48
2026-01-21,Organic Search,Desktop,US,979,98,55,32,1.07
2026-01-21,Email,Mobile,CA,1668,214,170,114,1.16
2026-01-21,Email,Desktop,UK,928,101,80,49,1.79
2026-01-21,Direct,Mobile,CA,1372,157,93,45,1.32
2026-01-21,Direct,Desktop,UK,1139,87,65,42,0.85
2026-01-22,Paid Search,Mobile,CA,1115,148,86,49,1.81
2026-01-22,Paid Search,Desktop,DE,1326,141,100,55,1.01
2026-01-22,Paid Social,Mobile,CA,1040,89,67,31,0.87
2026-01-22,Paid Social,Desktop,CA,1390,167,95,65,0.67
2026-01-22,Organic Search,Mobile,DE,1105,79,47,32,1.08
2026-01-22,Organic Search,Desktop,CA,1078,123,94,46,0.61
2026-01-22,Email,Mobile,UK,1040,123,94,53,1.03
2026-01-22,Email,Desktop,US,1158,105,83,43,0.62
2026-01-22,Direct,Mobile,DE,1310,117,75,45,1.42
2026-01-22,Direct,Desktop,CA,999,70,53,27,0.65
2026-01-23,Paid Search,Mobile,US,1865,196,134,67,1.16
2026-01-23,Paid Search,Desktop,US,913,106,63,32,1.28
2026-01-23,Paid Social,Mobile,CA,2028,288,179,89,0.47
2026-01-23,Paid Social,Desktop,CA,1040,126,81,48,1.2
2026-01-23,Organic Search,Mobile,UK,1942,215,148,103,0.78
2026-01-23,Organic Search,Desktop,UK,1555,198,118,77,1.79
2026-01-23,Email,Mobile,AU,1367,106,64,38,1.48
2026-01-23,Email,Desktop,CA,1277,172,133,63,1.75
2026-01-23,Direct,Mobile,CA,1051,122,86,44,1.52
2026-01-23,Direct,Desktop,DE,1513,205,131,69,0.81
2026-01-24,Paid Search,Mobile,US,1208,118,82,54,0.96
2026-01-24,Paid Search,Desktop,AU,1167,136,74,40,1.34
2026-01-24,Paid Social,Mobile,DE,1194,133,95,65,1.89
2026-01-24,Paid Social,Desktop,AU,1140,136,88,42,0.66
2026-01-24,Organic Search,Mobile,US,1891,277,158,94,0.68
2026-01-24,Organic Search,Desktop,AU,1224,111,87,60,1.82
2026-01-24,Email,Mobile,DE,793,80,57,34,1.07
2026-01-24,Email,Desktop,US,626,47,32,18,1.58
2026-01-24,Direct,Mobile,AU,533,63,41,26,1.74
2026-01-24,Direct,Desktop,DE,1000,98,79,41,1.26
2026-01-25,Paid Search,Mobile,CA,881,110,80,52,1.72
2026-01-25,Paid Search,Desktop,AU,1523,115,88,50,1.19
2026-01-25,Paid Social,Mobile,UK,1389,155,102,50,1.91
2026-01-25,Paid Social,Desktop,UK,1186,152,103,68,1.53
2026-01-25,Organic Search,Mobile,UK,1002,100,70,37,0.63
2026-01-25,Organic Search,Desktop,UK,936,121,92,53,0.81
2026-01-25,Email,Mobile,CA,949,70,43,21,0.66
2026-01-25,Email,Desktop,AU,881,85,48,23,0.96
2026-01-25,Direct,Mobile,AU,1569,184,103,59,0.65
2026-01-25,Direct,Desktop,CA,1251,114,80,48,1.33
2026-01-26,Paid Search,Mobile,UK,1835,142,103,62,0.38
2026-01-26,Paid Search,Desktop,DE,917,121,87,51,0.88
2026-01-26,Paid Social,Mobile,UK,1188,173,113,66,1.88
2026-01-26,Paid Social,Desktop,US,1113,93,60,27,0.95
2026-01-26,Organic Search,Mobile,UK,1053,135,109,64,1.72
2026-01-26,Organic Search,Desktop,CA,753,105,82,53,0.8
2026-01-26,Email,Mobile,CA,1084,144,116,69,0.47
2026-01-26,Email,Desktop,UK,857,69,55,30,0.74
2026-01-26,Direct,Mobile,CA,1271,158,121,68,1.47
2026-01-26,Direct,Desktop,AU,823,91,67,36,1.08
2026-01-27,Paid Search,Mobile,US,1121,114,84,43,1.83
2026-01-27,Paid Search,Desktop,CA,1117,143,112,53,1.5
2026-01-27,Paid Social,Mobile,DE,1140,128,98,65,0.36
2026-01-27,Paid Social,Desktop,DE,907,65,48,32,0.78
2026-01-27,Organic Search,Mobile,US,1056,101,73,39,1.39
2026-01-27,Organic Search,Desktop,AU,993,91,56,25,1.56
2026-01-27,Email,Mobile,CA,1255,125,94,50,1.85
2026-01-27,Email,Desktop,DE,885,119,89,41,0.53
2026-01-27,Direct,Mobile,AU,719,106,78,38,0.36
2026-01-27,Direct,Desktop,CA,944,96,67,32,1.59
2026-01-28,Paid Search,Mobile,AU,1659,130,84,56,1.04
2026-01-28,Paid Search,Desktop,UK,771,82,57,27,0.46
2026-01-28,Paid Social,Mobile,DE,1271,117,81,39,1.39
2026-01-28,Paid Social,Desktop,US,920,95,66,33,0.87
2026-01-28,Organic Search,Mobile,CA,1204,155,119,82,0.63
2026-01-28,Organic Search,Desktop,UK,1078,106,83,54,0.57
2026-01-28,Email,Mobile,DE,1654,227,143,90,1.04
2026-01-28,Email,Desktop,CA,1426,119,94,61,1.28
2026-01-28,Direct,Mobile,AU,1378,142,80,44,0.42
2026-01-28,Direct,Desktop,UK,769,103,59,31,1.67
2026-01-29,Paid Search,Mobile,DE,1554,141,103,66,0.42
2026-01-29,Paid Search,Desktop,AU,745,63,48,30,1.01
2026-01-29,Paid Social,Mobile,CA,574,76,47,24,1.21
2026-01-29,Paid Social,Desktop,AU,1494,220,139,86,1.14
2026-01-29,Organic Search,Mobile,CA,1514,226,175,111,1.19
2026-01-29,Organic Search,Desktop,UK,1352,185,139,96,1.09
2026-01-29,Email,Mobile,US,1582,208,136,92,1.26
2026-01-29,Email,Desktop,AU,644,82,61,42,1.18
2026-01-29,Direct,Mobile,CA,1425,160,88,63,1.22
2026-01-29,Direct,Desktop,CA,1237,130,83,48,1.93
2026-01-30,Paid Search,Mobile,AU,1819,216,169,85,0.46
2026-01-30,Paid Search,Desktop,CA,1153,105,67,41,1.04
2026-01-30,Paid Social,Mobile,AU,1108,147,118,81,0.65
2026-01-30,Paid Social,Desktop,AU,843,61,40,18,0.36
2026-01-30,Organic Search,Mobile,AU,883,120,74,37,0.6
2026-01-30,Organic Search,Desktop,CA,1278,106,71,45,1.25
2026-01-30,Email,Mobile,CA,1000,141,111,72,0.97
2026-01-30,Email,Desktop,US,766,78,46,24,0.37
2026-01-30,Direct,Mobile,AU,1095,116,65,46,1.01
2026-01-30,Direct,Desktop,DE,510,69,50,34,0.85
2026-01-31,Paid Search,Mobile,US,819,122,98,65,0.41
2026-01-31,Paid Search,Desktop,DE,1152,106,84,47,0.6
2026-01-31,Paid Social,Mobile,DE,1404,182,147,100,1.67
2026-01-31,Paid Social,Desktop,UK,1112,160,104,64,0.68
2026-01-31,Organic Search,Mobile,CA,1511,219,171,117,1.75
2026-01-31,Organic Search,Desktop,CA,1018,146,117,74,1.67
2026-01-31,Email,Mobile,DE,955,89,56,30,1.82
2026-01-31,Email,Desktop,DE,749,74,55,38,1.82
2026-01-31,Direct,Mobile,UK,803,64,39,23,1.55
2026-01-31,Direct,Desktop,UK,442,61,39,21,1.19
2026-02-01,Paid Search,Mobile,US,1125,111,64,41,0.4
2026-02-01,Paid Search,Desktop,AU,1518,150,116,76,0.83
2026-02-01,Paid Social,Mobile,AU,556,65,44,20,0.58
2026-02-01,Paid Social,Desktop,UK,969,81,51,28,1.78
2026-02-01,Organic Search,Mobile,US,1528,131,97,56,0.37
2026-02-01,Organic Search,Desktop,DE,1025,105,72,49,1.3
2026-02-01,Email,Mobile,DE,1092,94,58,30,0.47
2026-02-01,Email,Desktop,AU,372,30,21,14,1.25
2026-02-01,Direct,Mobile,DE,1216,143,100,66,1.75
2026-02-01,Direct,Desktop,DE,873,128,104,60,0.94
2026-02-02,Paid Search,Mobile,CA,1014,110,80,55,1.08
2026-02-02,Paid Search,Desktop,UK,979,96,73,51,1.06
2026-02-02,Paid Social,Mobile,CA,957,121,97,66,0.63
2026-02-02,Paid Social,Desktop,CA,1294,167,121,73,1.65
2026-02-02,Organic Search,Mobile,DE,1741,249,149,92,0.56
2026-02-02,Organic Search,Desktop,DE,1356,125,90,58,0.78
2026-02-02,Email,Mobile,CA,1222,152,108,59,1.41
2026-02-02,Email,Desktop,DE,492,47,27,16,1.39
2026-02-02,Direct,Mobile,US,863,119,92,42,1.84
2026-02-02,Direct,Desktop,UK,1020,85,60,34,1.66
2026-02-03,Paid Search,Mobile,CA,1113,137,79,49,1.57
2026-02-03,Paid Search,Desktop,DE,1567,149,106,60,0.37
2026-02-03,Paid Social,Mobile,UK,897,133,80,38,0.6
2026-02-03,Paid Social,Desktop,CA,522,52,41,21,1.14
2026-02-03,Organic Search,Mobile,CA,1249,164,96,62,0.49
2026-02-03,Organic Search,Desktop,US,850,99,70,40,1.18
2026-02-03,Email,Mobile,AU,1884,210,157,99,0.61
2026-02-03,Email,Desktop,AU,964,68,45,31,1.94
2026-02-03,Direct,Mobile,US,831,88,60,31,1.55
2026-02-03,Direct,Desktop,DE,400,40,31,20,0.65
2026-02-04,Paid Search,Mobile,DE,699,90,58,30,1.15
2026-02-04,Paid Search,Desktop,UK,902,86,57,38,1.93
2026-02-04,Paid Social,Mobile,UK,1414,203,132,86,1.84
2026-02-04,Paid Social,Desktop,CA,1104,119,97,57,0.9
2026-02-04,Organic Search,Mobile,CA,379,30,20,13,1.89
2026-02-04,Organic Search,Desktop,US,1239,132,104,51,1.28
2026-02-04,Email,Mobile,UK,1431,173,120,76,1.94
2026-02-04,Email,Desktop,AU,804,64,40,25,1.91
2026-02-04,Direct,Mobile,DE,1076,101,78,42,1.88
2026-02-04,Direct,Desktop,CA,1114,96,60,40,0.48
2026-02-05,Paid Search,Mobile,DE,962,121,66,35,1.7
2026-02-05,Paid Search,Desktop,UK,976,93,57,28,0.58
2026-02-05,Paid Social,Mobile,CA,629,92,72,43,0.83
2026-02-05,Paid Social,Desktop,UK,770,82,49,30,1.77
2026-02-05,Organic Search,Mobile,AU,1561,168,121,56,0.37
2026-02-05,Organic Search,Desktop,US,1030,141,85,50,0.82
2026-02-05,Email,Mobile,AU,957,131,101,58,1.49
2026-02-05,Email,Desktop,US,699,65,43,20,1.09
2026-02-05,Direct,Mobile,DE,1645,241,157,77,0.68
2026-02-05,Direct,Desktop,DE,1069,141,89,58,1.41
2026-02-06,Paid Search,Mobile,AU,994,72,52,35,1.7
2026-02-06,Paid Search,Desktop,AU,706,105,73,37,0.97
2026-02-06,Paid Social,Mobile,AU,1396,196,125,60,1.69
2026-02-06,Paid Social,Desktop,CA,834,105,85,52,1.61
2026-02-06,Organic Search,Mobile,CA,1707,135,91,61,1.48
2026-02-06,Organic Search,Desktop,US,1036,80,51,34,0.53
2026-02-06,Email,Mobile,CA,1147,151,95,64,0.5
2026-02-06,Email,Desktop,US,899,99,73,37,1.36
2026-02-06,Direct,Mobile,DE,405,37,22,14,1.02
2026-02-06,Direct,Desktop,DE,1198,106,80,40,1.37
2026-02-07,Paid Search,Mobile,UK,831,114,76,35,1.49
2026-02-07,Paid Search,Desktop,AU,948,99,61,35,1.01
2026-02-07,Paid Social,Mobile,CA,1485,209,121,77,1.32
2026-02-07,Paid Social,Desktop,CA,870,65,36,17,0.8
2026-02-07,Organic Search,Mobile,DE,1818,272,177,105,1.1
2026-02-07,Organic Search,Desktop,AU,993,141,87,48,1.31
2026-02-07,Email,Mobile,UK,518,73,54,37,0.96
2026-02-07,Email,Desktop,UK,1422,142,80,44,1.26
2026-02-07,Direct,Mobile,DE,1270,90,52,27,1.33
2026-02-07,Direct,Desktop,UK,910,93,63,32,0.35
2026-02-08,Paid Search,Mobile,AU,974,80,44,24,1.25
2026-02-08,Paid Search,Desktop,US,685,61,43,26,1.89
2026-02-08,Paid Social,Mobile,DE,1148,126,82,50,0.71
2026-02-08,Paid Social,Desktop,UK,423,32,22,11,1.45
2026-02-08,Organic Search,Mobile,AU,1173,144,95,51,1.55
2026-02-08,Organic Search,Desktop,UK,1118,78,53,34,1.58
2026-02-08,Email,Mobile,DE,1191,132,106,60,1.06
2026-02-08,Email,Desktop,CA,1039,100,69,41,0.5
2026-02-08,Direct,Mobile,AU,1094,130,79,42,0.56
2026-02-08,Direct,Desktop,CA,747,79,44,31,0.75
2026-02-09,Paid Search,Mobile,AU,1159,107,63,44,1.85
2026-02-09,Paid Search,Desktop,UK,1268,150,107,54,0.95
2026-02-09,Paid Social,Mobile,DE,907,109,81,38,1.12
2026-02-09,Paid Social,Desktop,AU,655,81,45,22,1.59
2026-02-09,Organic Search,Mobile,UK,630,67,40,22,1.22
2026-02-09,Organic Search,Desktop,AU,398,48,27,13,0.69
2026-02-09,Email,Mobile,UK,974,101,66,46,1.7
2026-02-09,Email,Desktop,DE,1047,86,59,38,0.89
2026-02-09,Direct,Mobile,DE,1486,214,135,66,0.51
2026-02-09,Direct,Desktop,AU,1080,111,65,33,1.06
2026-02-10,Paid Search,Mobile,DE,1586,197,121,70,0.36
2026-02-10,Paid Search,Desktop,US,965,110,80,42,0.43
2026-02-10,Paid Social,Mobile,CA,778,72,53,36,1.37
2026-02-10,Paid Social,Desktop,AU,1178,84,52,37,0.82
2026-02-10,Organic Search,Mobile,AU,1121,151,108,60,0.38
2026-02-10,Organic Search,Desktop,CA,864,125,82,58,1.43
2026-02-10,Email,Mobile,UK,1845,204,156,83,1.36
2026-02-10,Email,Desktop,UK,786,112,69,35,0.94
2026-02-10,Direct,Mobile,CA,1201,151,112,67,0.79
2026-02-10,Direct,Desktop,UK,704,96,56,31,1.1
